copd_rrmse,mntl_bh_p_rate,circ_rrmse,mntl_bh_p_rrmse,respirtry_rrmse,asthma_rrmse,area_code,hypertens_rrmse,hg_choles_rate,asthma_rate,diabetes_rate,musculo_rrmse,respirtry_rate,arthritis_rate,musculo_rate,hypertens_rate,circ_rate,arthritis_rrmse,diabetes_rrmse,copd_rate,hg_choles_rrmse
3,14.16271654,3,3,3,3,10050,3,33.25849408,12.54277803,4.702928736,3,31.83842053,15.74050469,30.07627716,10.69899449,18.23206838,3,3,2.759038935,3
3,14.19180205,3,3,3,3,10110,3,33.12018833,12.61451601,4.683226203,3,31.50842573,16.13707608,31.02670523,11.12563937,19.31259298,3,3,2.938993641,3
3,11.8739274,3,3,3,3,10150,3,31.30360698,6.441718207,7.319756105,3,22.99352097,12.8479745,25.60162257,10.07808469,16.75227807,3,3,2.059021715,3
3,12.37535151,3,3,3,3,10200,3,30.9038471,6.717288235,10.82455882,3,20.56401359,15.07988722,24.82723167,10.78269784,17.66676091,3,3,2.123881807,3
3,14.62596275,3,3,3,3,10250,3,32.89488581,12.80746582,4.495362639,3,32.18818007,15.59662752,29.88087937,10.04276895,18.46552425,3,3,3.000912731,3
1,13.77221853,3,3,3,3,10300,1,32.24483533,11.38522931,4.966992293,3,31.24508042,15.63590688,29.57774999,10.5023228,18.81413654,3,1,2.743626171,3
3,12.53363974,3,3,3,3,10350,3,31.30261991,8.40956161,8.00898783,3,26.99637932,15.39530304,27.23994623,10.76668215,18.38519858,3,3,2.591751136,3
3,14.01958476,3,3,3,3,10470,3,34.92131237,12.46414571,4.586132192,3,31.69546292,15.81501396,29.92351287,10.67691631,18.55104646,3,3,2.980063607,3
3,14.51056459,3,3,3,3,10550,3,33.62882496,11.85914735,4.636206914,3,29.15778601,15.78968337,29.25533869,10.09699722,17.82578669,3,3,2.864566931,3
3,15.50108929,3,3,3,3,10600,3,32.45813409,11.4684007,4.611119622,3,28.57577406,16.71231755,30.32812338,10.24918712,18.45680326,3,3,2.926146008,3
1,13.50588927,3,3,3,3,10650,3,35.59907084,12.00336432,4.646869092,3,28.13225596,16.04443047,29.89775211,10.33042176,18.46360828,3,1,2.760869168,3
3,11.86382873,3,3,3,3,10750,3,31.29271694,8.664349146,7.815828571,3,25.33528921,13.93196477,26.65142539,11.25096086,17.68081792,3,3,2.623015478,3
1,12.89877177,3,3,3,3,10800,3,33.84186198,11.50741839,4.615639272,3,28.43252363,17.46916166,30.01048158,10.43812176,18.41794987,3,1,2.881468218,3
3,12.89648987,3,3,3,3,10850,3,34.66119556,11.45218703,4.616154033,3,32.04584401,15.57366393,30.32484573,10.95248588,18.0180089,3,3,2.916443209,3
3,13.32082466,3,3,3,3,10900,3,32.81960764,11.32388126,3.982896692,3,30.97638804,14.18919863,28.4709849,10.19760179,17.35304804,3,3,2.537770381,3
1,13.31845926,3,3,3,3,10950,1,34.94019487,10.95328942,4.903275285,3,31.59443438,16.53729307,29.56367929,10.64888711,20.64134377,3,1,2.919859247,3
3,12.69001702,3,3,3,3,11000,3,31.34071663,11.51625737,4.569293153,3,32.19306922,15.45032146,29.60331753,9.856692443,18.04941585,3,3,2.755545546,3
2,13.72078878,3,3,3,1,11050,1,35.18436155,11.75300083,4.814670764,3,32.94737763,16.83811812,31.03729535,10.6134237,18.00443685,3,2,2.860940604,3
3,11.71194538,3,3,3,3,11100,3,31.35206024,7.26795025,7.614736665,3,27.75568564,14.72041275,27.42423336,10.49606299,18.47294892,3,3,2.544823928,3
null,null,null,null,null,null,11150,null,null,null,null,null,null,null,null,null,null,null,null,null,null
null,null,null,null,null,null,11200,null,null,null,null,null,null,null,null,null,null,null,null,null,null
3,15.76000197,3,3,3,3,11250,3,31.32997114,11.66416429,5.666324108,3,28.231683,19.4182107,31.60400778,10.21549904,18.85097269,3,3,3.251187548,3
3,16.22550455,3,3,3,3,11730,3,31.53924307,12.32698766,4.976091496,3,28.98326741,18.8168097,30.96349157,10.27883467,18.80087631,3,3,3.145112173,3
1,13.31800541,3,3,3,3,11750,3,34.94114472,10.95329444,4.902264344,3,31.59463939,16.53692911,29.56355746,10.64888654,20.64125135,3,1,2.919849146,3
3,11.87512386,3,3,3,3,11300,3,31.50708529,6.651880709,7.908863276,3,22.80640391,12.98310173,24.00558727,10.12331051,17.35699846,3,3,2.057739253,3
3,15.32215768,3,3,3,3,11350,3,32.00810062,11.97885065,4.640314179,3,30.95661469,15.14697044,29.38700643,10.06999226,17.85996638,3,3,2.725126307,3
1,12.86029223,3,3,3,3,11400,3,33.69307838,11.90129035,4.447089209,3,31.63215882,15.85254788,29.3538029,10.94372251,18.35270557,3,1,2.733728671,3
3,11.10834046,3,3,3,3,11450,3,31.77347096,10.14074376,4.844829971,3,28.14980989,14.3842993,28.30371869,10.72012068,17.95199032,3,3,2.552229292,3
3,13.34237752,3,3,3,3,11500,3,31.4056145,9.610348953,6.559974806,3,26.87148757,15.89432708,28.77373643,10.37304585,17.70422344,3,3,2.822833532,3
3,11.55733098,3,3,3,3,11520,3,31.5990723,7.679629786,6.737647932,3,24.79468427,13.84809073,27.23996667,11.6336511,17.07281491,3,3,2.225808059,3
3,12.21120277,3,3,3,3,11550,3,31.17647116,6.734545291,9.737733026,3,24.9298979,14.89173132,26.22516485,10.83090597,18.46947028,3,3,2.282411261,3
1,12.08916908,3,3,3,3,11600,1,30.95725702,10.15586329,4.784226747,3,30.93823381,14.87505613,29.04770187,10.76159992,17.88993196,3,1,2.594166886,3
2,15.76000197,1,1,1,1,11700,1,31.32997114,11.66416429,5.666324108,1,28.231683,19.4182107,31.60400778,10.21549904,18.85097269,3,2,3.251187548,3
3,14.82840066,3,3,3,3,11720,3,31.44889534,12.35063228,4.887391068,3,32.37038961,18.85611399,32.51492919,10.78743816,18.80084433,3,3,3.249971372,3
3,15.47327104,3,3,3,3,11800,3,31.86239132,12.98103651,4.719530881,3,28.72736696,17.00813795,29.58344762,10.24744554,18.13787639,3,3,3.15696658,3
2,12.67814723,3,1,1,1,11860,1,35.60694178,10.28969413,4.644658377,1,27.41086266,15.84584743,29.81650962,10.38584163,19.10008682,3,2,2.592846153,3
1,12.61059175,3,3,3,3,12000,1,34.52277808,11.09181011,4.507111396,3,31.36554208,16.60649913,30.02539598,11.13762321,18.45191782,3,1,2.652727018,3
3,13.91103089,3,3,3,3,12050,3,32.34845957,11.65729202,5.770138157,3,30.96812529,15.23488775,29.34232503,10.46488873,18.04373279,3,3,2.691547643,3
1,13.32411759,3,3,3,3,12150,3,34.92739106,10.95621399,4.910414333,3,31.59795,16.54069849,29.56641202,10.64775629,20.62638388,3,1,2.919310634,3
1,14.23114688,3,3,3,3,12200,3,31.31894336,12.1650734,5.02065845,3,32.91399299,18.96805743,32.19742371,11.99523977,19.21394643,3,1,2.965210556,3
1,13.50588927,3,3,3,3,12300,3,35.59907084,12.00336432,4.646869092,3,28.13225596,16.04443047,29.89775211,10.33042176,18.46360828,3,1,2.760869168,3
3,14.91212661,3,3,3,3,12350,3,34.96816799,12.30987488,5.114358297,3,28.07086929,18.51356317,30.37938121,10.31823833,18.56306251,3,3,3.073617952,3
3,14.84958835,3,3,3,3,12500,3,35.50520865,12.9674852,4.5323293,3,28.58273301,16.13092853,30.36962301,9.785607994,18.07891732,3,3,2.935306712,3
3,13.51590274,3,3,3,3,12600,3,32.20603511,13.44619921,4.941221348,3,33.70450652,15.65392763,29.89022137,10.49272811,17.96430897,3,3,2.940763709,3
3,14.29429872,3,3,3,3,12700,3,31.0504365,11.4428182,4.290143507,3,32.3126274,16.14578719,30.75504306,10.25832193,18.04283788,3,3,2.831815604,3
3,15.8486655,3,3,3,3,12750,3,33.03814935,12.06277257,4.771271384,3,28.45323282,17.20476329,29.94746812,10.18441838,18.90290724,3,3,2.922158654,3
3,12.70397243,3,3,3,3,12850,3,30.63773817,7.408382289,12.30731687,3,24.8011741,14.12489601,26.18961354,10.52257232,18.64244106,3,3,2.382799857,3
1,14.91738737,3,3,3,3,12900,3,34.94436583,11.9945639,4.743949257,3,28.18799711,15.98635158,30.71177808,10.18051649,18.06120903,3,1,2.918270332,3
1,13.89640143,3,3,3,3,12950,1,33.57856931,11.55338533,5.061730118,3,32.56698984,16.740938,29.93300583,10.45308452,17.90449678,3,1,2.807987863,3
1,15.38951803,3,3,3,3,13010,3,31.26700586,11.82898394,5.082377754,3,28.09039044,18.42527345,30.14946641,10.30326226,18.3162207,3,1,2.975245236,3
1,15.45189988,3,3,3,3,13050,3,30.97220196,11.16392428,5.027956111,3,27.76694675,18.19090105,30.78355442,10.27308033,18.42294267,3,1,3.110574079,3
3,14.28755391,3,3,3,3,13100,3,33.44310376,10.590873,4.583320986,3,28.74106018,15.67331331,29.67761994,10.29053115,18.28231386,3,3,3.015550807,3
3,14.57064509,3,3,3,3,13310,3,32.18512664,12.87446347,4.857053302,3,32.70175023,15.59178373,30.22116211,10.10684548,18.53582524,3,3,2.978855956,3
3,16.26392064,3,3,3,3,13320,3,34.28593558,12.66498033,4.763302945,3,28.86276979,18.41507314,30.26712588,9.993648948,18.79881817,3,3,3.084739924,3
1,14.17300513,3,3,3,3,13340,3,33.78982997,11.9539791,4.190098172,3,32.24492841,14.98620484,29.74633065,10.027922,17.41649696,3,1,2.649732062,3
3,16.23190231,3,3,3,3,13380,3,33.02872834,12.45140928,5.122756856,3,28.43361964,18.90359538,31.59750745,10.36660088,18.59863143,3,3,3.17841844,3
3,12.94176425,3,3,3,3,13450,3,31.28948308,11.12679829,5.441021261,3,29.68412928,15.1388749,28.99442928,10.54490581,17.84587569,3,3,2.717292777,3
2,14.23114688,3,3,3,1,13500,1,31.31894336,12.1650734,5.02065845,3,32.91399299,18.96805743,32.19742371,11.99523977,19.21394643,3,2,2.965210556,3
3,13.45385358,3,3,3,3,13550,3,31.83893665,11.75947,4.866734704,3,28.62287181,17.01346763,29.7554678,10.43381863,18.20201954,3,3,2.92652165,3
1,12.98411936,3,3,3,3,13650,3,32.45601246,10.7936194,4.487538001,3,30.68457981,16.53994553,30.90150056,10.64864624,18.40281492,3,1,2.748568065,3
3,14.249241,3,3,3,3,13660,3,31.1046983,11.7582575,5.464629894,3,28.61424278,18.1699349,31.14152067,10.72295804,18.65140687,3,3,2.843048417,3
1,13.76691943,3,3,3,3,13700,1,35.25163305,11.81327377,4.826906665,3,32.97358229,16.88439197,31.0917937,10.61058727,18.0078046,3,1,2.869115568,3
3,13.06198021,3,3,3,3,13800,3,31.88877857,10.61801237,4.63618732,3,27.41571613,14.64264758,29.20811557,10.71094519,17.33372134,3,3,2.77586229,3
1,13.77221853,3,3,3,3,13850,1,32.24483533,11.38522931,4.966992293,3,31.24508042,15.63590688,29.57774999,10.5023228,18.81413654,3,1,2.743626171,3
3,12.21445783,3,3,3,3,13950,3,31.12813393,7.768490754,8.152037919,3,23.95205358,15.5139242,26.96034548,10.72105394,17.55606829,3,3,2.455217689,3
3,11.72026969,3,3,3,3,14000,3,33.22137711,8.576319485,4.541855199,3,25.87869976,13.07542536,25.69971416,10.3291655,15.39376204,3,3,2.104473722,3
1,12.1897391,3,3,3,3,14100,3,32.3547399,8.123509078,4.65485121,3,27.20007681,13.22919708,26.50840093,10.02731757,17.11938102,3,1,2.315804333,3
3,12.64941364,3,3,3,3,14150,3,31.52533434,7.595984913,6.504804562,3,27.22294295,13.98929818,24.72228311,10.59059528,18.20051195,3,3,2.350485368,3
3,15.23244515,3,3,3,3,14200,3,31.33986121,12.11740453,5.425451555,3,28.06086414,18.62895906,30.61796751,11.27722576,18.89015479,3,3,3.057628401,3
2,13.25142149,1,1,1,1,14250,1,34.82113948,11.67126432,4.664917305,1,28.62907313,15.88430309,29.76868357,10.38733991,18.38359932,1,2,2.736285999,1
1,14.21137817,3,3,3,3,14300,3,31.35653917,12.15186831,5.015169755,3,32.89503259,18.94269013,32.17302073,11.98618727,19.205769,3,1,2.961731999,3
3,16.48403626,3,3,3,3,14350,3,31.35449641,12.44016985,5.839165604,3,28.83590538,19.11205272,31.20423129,10.43311547,19.07736999,3,3,3.388198797,3
3,12.58964546,3,3,3,3,14400,3,32.98769085,12.65278441,4.413343141,3,28.41016408,15.25990923,29.62645142,10.42633747,16.99980262,3,3,2.726737,3
3,12.52712651,3,3,3,3,14450,3,31.84361521,7.335347942,6.385502871,3,27.28200856,13.75137075,26.36079019,10.96142136,17.68988497,3,3,2.358820826,3
3,11.34141912,3,3,3,3,14500,3,36.1590104,8.069282198,4.2633571,3,26.13620725,12.67588608,24.47343367,10.0334763,15.43451741,3,3,2.002550213,3
1,15.43011974,3,3,3,3,14550,3,33.04666201,11.02318564,4.941745859,3,31.69802091,18.45424749,30.5143433,10.33115703,18.34623465,3,3,2.955132885,3
1,14.91956918,3,3,3,3,14600,3,34.97072918,11.99386251,4.74337827,3,28.19094668,15.97996095,30.71598825,10.17866193,18.05994042,3,1,2.917367216,3
3,13.88760155,3,3,3,3,14650,3,32.12297384,11.24014063,4.842529071,3,29.20762135,16.73989516,30.62813849,10.31582017,18.39395927,3,3,3.026924282,3
3,12.038585,3,3,3,3,14700,3,31.64651773,7.565770143,4.336665847,3,26.41645168,12.41571065,24.37109765,10.40604011,15.82330819,3,3,2.15192292,3
1,13.57308651,3,3,3,3,14750,3,32.36453112,11.48151019,5.735933979,3,31.24836584,17.17172572,30.49328864,10.79076031,18.62772265,3,3,2.941433586,3
3,11.51576268,3,3,3,3,14800,3,31.98572074,8.392066066,4.161688257,3,26.38296427,13.00938006,27.28838704,10.27589796,16.82495061,3,3,2.414386464,3
3,15.63693835,3,3,3,3,14850,3,31.71296054,12.23831266,4.581874963,3,31.79083518,16.50747468,30.49881356,10.44662701,17.98733885,3,3,2.922241171,3
3,14.92983678,3,3,3,3,14870,3,31.52247698,11.81426327,5.464674846,3,28.39989383,17.65902579,31.34001798,10.55718799,18.65076039,3,3,3.15990282,3
3,11.76016374,3,3,3,3,14900,3,31.20914793,8.11707205,9.493981656,3,23.91605175,14.91394354,26.9972587,10.82066596,18.01751379,3,3,2.396165699,3
3,15.05900311,3,3,3,3,14920,3,31.26607251,11.69955311,5.122538281,3,28.67720812,18.49809906,29.58086094,10.83750087,18.35614825,3,3,2.945701145,3
1,12.35391199,3,3,3,3,14950,1,35.06888275,10.92275896,4.406989801,3,31.11571909,16.14692534,29.63158628,10.96371179,18.30064679,3,1,2.595740631,3
3,14.13630558,3,3,3,3,15050,3,31.88490026,12.68545143,5.403072102,3,32.01674467,16.37576755,30.97458204,10.67817276,18.53267275,3,3,3.008291437,3
3,12.4609889,3,3,3,3,15150,3,35.97583683,8.060844526,4.021621819,3,26.68202402,13.46169599,28.42822851,10.65400561,15.49663818,3,3,2.399051028,3
3,12.01789876,3,3,3,3,15200,3,31.20075828,8.205779318,6.857856896,3,24.77109507,13.76383864,26.41724336,10.59089097,17.52667651,3,3,2.267258682,3
3,13.76791462,3,3,3,3,15270,3,33.21068386,11.75771156,4.751396422,3,27.92569224,17.2941438,30.20904033,10.54351122,18.4156185,3,3,2.969011123,3
3,13.80161209,3,3,3,3,15300,3,34.57370736,11.86096277,5.111918698,3,27.44140183,15.75764957,29.6552441,10.72526192,20.42388174,3,3,3.025027135,3
3,12.33895297,3,3,3,3,15350,3,35.5332381,7.98379651,3.928719392,3,26.49540127,12.83624078,25.81659934,10.01823638,15.48539591,3,3,2.164736529,3
1,12.67814723,3,3,3,3,15500,3,35.60694178,10.28969413,4.644658377,3,27.41086266,15.84584743,29.81650962,10.38584163,19.10008682,3,1,2.592846153,3
2,12.06174425,3,3,3,3,15550,1,30.93539412,10.13610839,4.780755264,3,30.93327979,14.86062595,29.03824202,10.76660452,17.87248721,3,1,2.591458442,3
3,13.17483525,3,3,3,3,15650,3,35.22387625,11.99453836,4.627789192,3,27.70116049,15.93254745,29.98545988,11.0678541,17.76180139,3,3,3.086541789,3
3,16.894383,3,3,3,3,15700,3,31.8941192,12.64385085,5.674737853,3,28.72859741,19.1201409,30.98745231,10.06830872,19.0932295,3,3,3.276876713,3
3,12.85294825,3,3,3,3,15750,3,33.4390286,11.37274968,5.129574512,3,28.09696858,15.97490186,30.11453026,10.89619125,19.85153008,3,3,2.835849644,3
1,13.72194695,3,3,3,3,15800,3,32.5081626,11.61218128,5.822094258,3,31.27915715,17.37906113,30.63017948,10.79288076,18.69503464,3,1,2.973400423,3
1,13.89640143,3,3,3,3,15850,3,33.57856931,11.55338533,5.061730118,3,32.56698984,16.740938,29.93300583,10.45308452,17.90449678,3,1,2.807987863,3
3,14.18641684,3,3,3,3,15900,3,32.06106399,10.49010403,4.860820609,3,31.81373941,17.00245508,30.42981707,10.40741094,18.13791644,3,3,2.897143327,3
3,12.93577335,3,3,3,3,15950,3,35.02627058,7.719205808,3.951017228,3,24.55569734,12.32487902,24.04705824,10.16921262,17.3201862,3,3,2.126177354,3
3,13.9569035,3,3,3,3,16100,3,32.18735742,11.37802819,4.735072531,3,31.75651206,15.55501757,29.80199072,10.77763264,18.36749322,3,3,2.810475275,3
3,13.36008112,3,3,3,3,16150,3,32.68493067,12.77204373,4.614399373,3,32.36683377,15.63466896,29.91568908,10.95840469,18.47786497,3,3,2.887803005,3
3,10.77198502,3,3,3,3,16180,3,31.89637201,9.794306066,4.522960145,3,27.71020288,13.75213414,28.03534554,10.65549462,16.5917165,3,3,2.32782988,3
3,14.53855138,3,3,3,3,16200,3,31.72429453,12.00047307,4.827413826,3,28.09153796,16.83263424,30.10780627,10.44772548,18.40128873,3,3,3.030712344,3
3,12.33366525,3,3,3,3,16250,3,31.54679637,8.058779549,6.763642885,3,24.37149156,14.39073777,26.28092594,10.8395797,17.44652322,3,3,2.371577677,3
3,12.28746688,3,3,3,3,16350,3,31.65825002,9.869190626,6.082036626,3,26.95385284,15.11167232,28.69451481,11.12315034,18.25600998,3,3,2.735728546,3
3,11.62727719,3,3,3,3,16370,3,34.05935088,9.404950182,4.189462941,3,27.42099176,13.76467678,27.74448167,10.10142413,15.67280293,3,3,2.286968187,3
3,15.53372765,3,3,3,3,16380,3,34.51459806,12.96490293,4.883739685,3,28.92070625,17.47978272,30.16685549,9.938973637,18.29684403,3,3,3.098632624,3
3,14.37313612,3,3,3,3,16400,3,32.9335854,12.37874584,4.683535399,3,28.04628529,16.83370591,30.5056213,10.51859864,18.6815781,3,3,3.042944622,3
3,11.48743863,3,3,3,3,16470,3,31.03220419,9.744003735,5.883213757,3,27.0522161,13.99772913,29.18958768,10.57492484,16.79521775,3,3,2.457442339,3
3,13.21126622,3,3,3,3,16550,3,31.91236386,7.67733426,5.464928232,3,25.59338822,13.58925163,25.87125759,10.54916546,16.72271918,3,3,2.445277785,3
3,16.21022158,3,3,3,3,16610,3,32.02406355,12.28981078,5.480382978,3,32.49937244,19.1921788,31.75625416,10.82197823,19.04535979,3,3,3.165944413,3
3,11.71391382,3,3,3,3,16650,3,31.54389461,7.053698564,7.554095253,3,26.20971657,14.33286107,26.24954549,10.5600613,18.28119611,3,3,2.232008401,3
3,13.01808882,3,3,3,3,16700,3,31.67239076,7.017880031,5.115642172,3,23.45491887,13.41069401,24.35498174,10.08014565,17.15284843,3,3,2.18151853,3
3,12.94367207,3,3,3,3,16900,3,31.3261138,10.47027241,6.92724651,3,27.79539533,17.13323378,30.5096415,10.49457916,18.46718413,3,3,3.000311646,3
3,15.39970633,3,3,3,3,16950,3,32.64915397,12.45953894,5.072582537,3,28.53750865,18.08783302,30.85740215,10.25901871,18.9024653,3,3,3.093573351,3
3,12.33193073,3,3,3,3,17000,3,31.65412241,11.88621615,4.559508604,3,31.91526548,15.46991716,29.74109325,10.88028105,18.07893944,3,3,2.967830277,3
3,12.49140848,3,3,3,3,17050,3,34.42127098,9.800272612,4.37314638,3,29.80832931,14.88276802,28.9145446,10.97703015,17.31220684,3,3,2.497752628,3
3,13.54390576,3,3,3,3,17310,3,32.05369448,12.59376055,4.872636783,3,29.09612724,16.46115716,30.38034585,10.42633098,18.18143281,3,3,3.069230145,3
1,14.23114688,3,3,3,3,17350,3,31.31894336,12.1650734,5.02065845,3,32.91399299,18.96805743,32.19742371,11.99523977,19.21394643,3,1,2.965210556,3
3,12.59735129,3,3,3,3,17100,3,31.83070883,5.757038371,6.587626638,3,21.83766176,12.75275029,23.49979711,10.3195228,17.76477195,3,3,1.937838017,3
3,11.88999095,3,3,3,3,17150,3,34.49889489,10.02615397,4.31129318,3,29.97077792,14.33409077,28.15307518,10.29227396,16.21587156,3,3,2.594681216,3
3,14.40920329,3,3,3,3,17200,3,32.64460607,6.789119225,6.104748763,3,23.39917947,13.24306764,25.52972495,10.46099755,18.70470543,3,3,2.404352707,3
1,15.38951803,3,3,3,3,17400,3,31.26700586,11.82898394,5.082377754,3,28.09039044,18.42527345,30.14946641,10.30326226,18.3162207,3,1,2.975245236,3
3,11.01187127,3,3,3,3,17420,3,32.5800319,8.449315746,4.73616952,3,25.92676445,12.87626535,25.80528921,10.69019616,15.41764174,3,3,2.124388759,3
1,12.67435646,3,3,3,3,17450,3,35.15648463,10.96668729,4.445863279,3,28.05954337,15.73224331,29.64307644,10.50647777,18.38128622,3,1,2.769383683,3
3,13.2991576,3,3,3,3,17500,3,33.32219401,12.16288878,4.850786107,3,29.12075281,15.82376091,30.00103661,10.85417741,18.69176476,3,3,2.919842253,3
3,15.45753922,3,3,3,3,17550,3,31.90038155,11.06231277,4.763377474,3,27.92696949,17.67870158,30.79310417,10.56111453,18.65638207,3,3,3.087992346,3
3,12.75547674,3,3,3,3,17620,3,31.85459989,11.11062155,5.034497928,3,27.47374551,16.16702333,30.27250416,10.41717046,17.92375106,3,3,2.80907134,3
1,12.09547249,3,3,3,3,17640,3,34.37833582,10.15727754,4.260390698,3,31.48615723,14.98103636,28.97294954,10.50602827,18.0768583,3,1,2.624512635,3
3,13.5396588,3,3,3,3,17650,3,34.62683124,11.45709446,4.268729215,3,31.64645101,15.47307851,29.32551859,10.70243914,18.08107699,3,3,2.728193901,3
2,13.54776927,1,1,1,1,17700,2,35.09653596,11.9365551,4.819445208,1,28.69398289,16.24435536,30.01509967,10.39708541,18.49917018,1,2,2.794448166,1
3,13.56635354,3,3,3,3,17750,3,34.97803315,12.71448424,4.548362487,3,31.89719375,16.23479373,30.03753625,10.55725608,18.20108113,3,3,2.837666921,3
1,12.82472342,3,3,3,3,17800,3,35.16620162,10.43726822,4.683426515,3,27.92628322,15.8204711,29.7864889,10.39972334,19.06553374,3,1,2.611548423,3
1,12.11370816,3,3,3,3,17850,3,32.84450156,10.27233831,4.147808329,3,31.7085488,15.76864207,31.0260972,10.39851862,18.21099584,3,1,2.62681254,3
null,null,null,null,null,null,17900,null,null,null,null,null,null,null,null,null,null,null,null,null,null
1,13.36752928,3,3,3,3,17950,1,34.82491794,10.99254554,4.939486072,3,31.6531642,16.56134973,29.59286605,10.63395307,20.43860845,3,1,2.912018585,3
3,11.91746214,3,3,3,3,18000,3,32.75680011,8.730237504,4.543585305,3,27.21173765,13.70081316,26.88580947,10.18974684,15.79435583,3,3,2.389249568,3
1,13.81509753,3,3,3,3,18020,3,33.56378378,11.56945598,4.987584002,3,31.84850101,16.7749421,29.92179623,10.46562543,17.96444585,3,1,2.821453737,3
3,13.60511049,3,3,3,3,18050,3,31.88172561,7.580291915,4.337899971,3,25.01315646,12.86483493,25.4040429,10.86230644,15.83446079,3,3,2.287619999,3
1,12.91090231,3,3,3,3,18100,1,33.85507831,11.51382519,4.615828715,3,28.42398231,17.46844983,30.01615963,10.43624276,18.41757738,3,1,2.882340192,3
3,15.44058734,3,3,3,3,18150,3,34.62459048,12.12746632,6.035314306,3,32.35069045,19.03777286,30.35869618,10.91990733,19.03960074,3,3,3.066139498,3
1,13.77221853,3,3,3,3,18200,3,32.24483533,11.38522931,4.966992293,3,31.24508042,15.63590688,29.57774999,10.5023228,18.81413654,3,1,2.743626171,3
3,12.42675435,3,3,3,3,18250,3,31.50012254,7.205454148,4.596984438,3,25.3972402,12.64818173,24.46613396,10.38127341,15.29217181,3,3,2.061473355,3
3,12.96281112,3,3,3,3,18350,3,32.77644166,12.27215436,4.221734268,3,28.11055832,14.72152064,28.73688916,10.44331408,17.8075772,3,3,2.671136944,3
3,11.87955708,3,3,3,3,18400,3,31.41030091,10.63446474,4.625852885,3,27.29397466,14.76503691,28.61256446,10.7647516,18.64731889,3,3,2.704655369,3
3,13.45841495,3,3,3,3,18450,3,31.78837888,10.05123874,6.472782878,3,29.27382499,15.85403011,29.86357848,10.63778101,18.42809433,3,3,2.812683871,3
3,12.89545252,3,3,3,3,18500,3,34.04937694,7.530530572,4.180064421,3,25.41318029,12.9273588,26.08640973,10.85267408,16.20523028,3,3,2.17403341,3
3,15.64598313,3,3,3,3,18550,3,32.2639404,11.03767901,4.950266263,3,28.41381485,17.66610572,30.4029084,10.68614889,18.93130906,3,3,3.176179243,3
3,12.14834729,3,3,3,3,18710,3,33.03598112,9.917111592,4.089357721,3,31.65761329,14.27129828,28.12532809,10.5944064,17.78923496,3,3,2.489332576,3
1,14.0318339,3,3,3,3,18750,3,35.63864413,12.15847729,4.896213454,3,33.1238715,17.14622467,31.40208583,10.59459133,18.02682738,3,3,2.915471532,3
null,null,null,null,null,null,19399,null,null,null,null,null,null,null,null,null,null,null,null,null,null
1,13.43034611,3,3,3,3,20110,3,35.30573872,12.84766817,3.565629354,3,34.35112647,14.58918927,28.49730598,9.578796857,17.66561171,3,3,2.148521686,3
1,14.21202671,3,3,3,3,20260,3,34.93759912,12.64448629,3.686474646,3,30.68489746,16.16836614,29.84987808,9.800077924,17.49523219,3,1,2.073435542,3
3,14.74166232,3,3,3,3,20570,3,33.97478146,15.14691917,4.084973192,3,35.66915435,16.19643803,28.83025866,9.828117885,17.39050313,3,3,2.191521232,3
3,12.6174628,3,3,3,3,20660,3,32.76734425,11.41121065,3.727100756,3,33.12871874,13.47380159,26.211313,9.849293267,16.08255462,3,3,1.859495957,3
3,14.69198011,3,3,3,3,20740,3,33.04704034,13.61158132,3.853339314,3,30.02933471,15.71440037,27.80752393,9.675199865,17.42030595,3,3,2.057025299,3
3,13.34468941,3,3,3,3,20830,3,36.44976349,13.32219633,3.512031611,3,29.7169323,14.19735415,27.13416477,8.999073916,16.03138857,3,3,2.051954619,3
3,12.11891802,3,3,3,3,20910,3,34.32475247,10.17498204,3.354215698,3,30.35353872,12.69629278,25.61994959,9.688458425,15.3174412,3,3,1.720142116,3
3,14.77480266,3,3,3,3,21010,3,35.48670824,14.11073272,3.48742216,3,31.29557557,14.93955213,28.91924249,9.587441778,17.25856279,3,3,2.13861075,3
3,12.11234514,3,3,3,3,21110,3,34.36825815,9.456148602,3.662582401,3,29.47569282,12.07763915,24.52709462,9.45264582,14.26490914,3,3,1.643142489,3
3,12.14366325,3,3,3,3,21180,3,31.73432181,8.39618271,8.798999949,3,24.48120426,13.65500765,25.37902357,10.11330878,16.61724809,3,3,1.66066468,3
1,12.81189927,3,3,3,3,21270,3,35.6426507,13.7761863,3.737924265,3,32.20181004,16.48535912,28.91724432,9.142998878,17.40777832,3,1,2.165183467,3
3,14.13224694,3,3,3,3,21370,3,34.22522012,13.7322184,3.743398875,3,30.96320477,15.52185601,28.3390027,9.56964457,17.0422739,3,3,2.164691244,3
3,12.17630914,3,3,3,3,21450,3,32.80819054,12.98376546,3.804718991,3,29.73318549,13.95703118,27.70567687,10.43605286,17.33740913,3,3,1.927000674,3
3,11.57756165,3,3,3,3,21610,3,32.90155277,10.06294218,5.258855356,3,27.71355639,13.59667889,26.53398657,10.38614304,17.09551649,3,3,1.742051104,3
3,16.01258053,3,3,3,3,21670,3,32.87425187,13.44008475,4.11711831,3,30.51017994,17.908695,29.68349384,9.731174031,18.13091037,3,3,2.263645684,3
3,14.06203182,3,3,3,3,21750,3,36.81370071,13.59672019,3.66273922,3,34.79803885,14.584106,27.65357835,9.606045416,16.60170429,3,3,2.080380631,3
1,13.1847495,3,3,3,3,21830,3,35.74012751,13.21153418,3.544949988,3,35.17074624,15.38158766,28.33962556,9.95069622,16.89399339,3,3,2.062673048,3
3,12.3211938,3,3,3,3,21890,3,32.32085008,9.716090669,6.673634407,3,28.84852349,14.98567829,26.60049877,10.02955902,17.36741079,3,3,1.86266603,3
3,14.96602148,3,3,3,3,22110,3,34.9825405,13.55086069,3.720960716,3,30.56294382,16.44023945,29.26670077,9.923548634,17.64508671,3,3,2.129599429,3
3,13.85863407,3,3,3,3,22170,3,34.04124892,11.59897909,3.953641935,3,33.39424388,14.17486791,27.35647645,10.07773319,17.37988443,3,3,2.025787738,3
1,12.8120026,3,3,3,3,22250,3,35.64172791,13.77582229,3.738003989,3,32.20049926,16.48460626,28.91675845,9.143286958,17.4074192,3,1,2.16516372,3
1,13.61627698,3,3,3,3,22410,3,32.16075692,13.32632556,3.643421499,3,29.65388078,14.83024648,27.54004554,9.662842044,16.77626253,3,1,2.151061935,3
3,12.22271413,3,3,3,3,22490,3,33.70037024,12.24286084,3.397095155,3,31.90046654,14.75187407,27.82069845,10.21531417,16.52788137,3,3,1.894709214,3
3,14.16573488,3,3,3,3,22620,3,33.1763366,14.74452723,3.927120106,3,34.73653017,16.24947501,28.20424723,9.982043147,16.89161178,3,3,2.207596456,3
3,12.39394024,3,3,3,3,22670,3,31.9601199,8.011537454,8.299105879,3,27.74408991,13.73341959,24.64949818,10.02534445,16.90566642,3,3,1.786804165,3
3,13.64936041,3,3,3,3,22750,3,33.36427483,12.53674303,4.38714079,3,30.27713761,15.06047185,27.66725801,10.03483021,16.84376894,3,3,2.041345623,3
3,13.531277,3,3,3,3,22830,3,33.93239444,13.26468524,4.310156983,3,32.99174311,14.90355965,27.79446838,9.983504587,16.63249296,3,3,2.081189117,3
3,14.29879342,3,3,3,3,22910,3,35.03402876,11.1171932,3.466405726,3,30.13403779,15.32240648,28.51907388,9.859351561,17.45036495,3,3,2.050417668,3
1,13.78052703,3,3,3,3,22980,3,36.28882421,12.67698221,3.639239088,3,29.92708055,15.99444731,30.39986996,9.191582463,17.07698257,3,1,2.045050933,3
3,11.93735063,3,3,3,3,23110,3,32.51981264,10.23016445,5.652146689,3,30.95110015,14.13511641,26.04077783,9.845685069,17.19687342,3,3,1.859138653,3
3,12.72178934,3,3,3,3,23190,3,33.41993916,14.43096462,3.667987304,3,30.9329775,15.07496686,28.16631303,9.822496754,17.57991464,3,3,2.14832951,3
3,12.30374067,3,3,3,3,23270,3,32.08798179,10.08623336,7.257046082,3,27.05145685,15.14082898,27.8495573,10.47902368,16.58776451,3,3,1.891657417,3
3,12.06788087,3,3,3,3,23350,3,34.37906536,10.93109403,3.555438947,3,33.75121912,14.08712786,27.5072687,9.794466763,16.84595204,3,3,1.992980201,3
3,12.39078159,3,3,3,3,23430,3,33.40160918,10.63250563,4.185249972,3,33.12664106,13.32477007,26.45374175,9.993534048,16.43496459,3,3,1.802581919,3
3,12.07040183,3,3,3,3,23670,3,33.38602647,10.66792773,4.015476016,3,29.59996492,12.92865587,25.89349935,10.03422476,16.45087736,3,3,1.75834662,3
3,15.21503466,3,3,3,3,23810,3,33.34415433,13.74018729,4.356902752,3,30.2099626,16.01131655,28.0479863,9.94383533,17.11577314,3,3,2.240120983,3
1,14.42174872,3,3,3,3,23940,3,35.9183148,11.70144311,3.998312313,3,30.27017581,17.13546641,28.605733,9.663765852,17.36530816,3,3,2.106887938,3
3,11.98297473,3,3,3,3,24130,3,34.43309242,13.08332978,3.318817678,3,30.50409941,13.50413191,26.80632153,9.978291352,15.59564178,3,3,1.880287525,3
3,11.3314867,3,3,3,3,24210,3,33.21619752,9.809293103,4.255048221,3,27.73931168,12.55865159,24.24405948,9.676730654,16.0237518,3,3,1.561553008,3
3,12.385643,3,3,3,3,22310,3,32.54246471,9.314069742,4.0469811,3,27.80796742,12.48901295,25.85689479,10.07276935,15.9348071,3,3,1.596003972,3
1,12.54952455,3,3,3,3,24250,3,38.5318601,12.81486899,3.590425288,3,30.49916527,15.01792582,29.07664873,10.41173481,18.00952841,3,1,2.037103948,3
3,12.14132076,3,3,3,3,24330,3,32.14525596,8.879210437,6.854949477,3,25.20275217,12.48847907,25.12216198,9.919242737,18.18324948,3,3,1.799419187,3
3,12.13191622,3,3,3,3,24410,3,34.81158006,11.51443813,3.4694015,3,34.00987784,13.36658728,26.32582752,10.24608503,16.51928296,3,3,1.824364432,3
3,14.96277669,3,3,3,3,24600,3,35.31016911,7.77844941,4.647706617,3,25.52401543,12.17768927,23.96326664,10.42430483,16.40881725,3,3,1.704705296,3
3,11.82779553,3,3,3,3,24650,3,32.19569951,10.78865346,5.98121905,3,27.86034185,14.15255692,27.28769385,10.39135518,17.53454825,3,3,1.855994121,3
3,14.64307309,3,3,3,3,24780,3,32.74455368,13.94336613,4.24512422,3,30.60309314,16.29355002,27.65799366,9.796214596,17.28556952,3,3,2.179389223,3
3,13.08014591,3,3,3,3,24850,3,33.359309,12.99689986,4.140255464,3,30.03799237,14.77376493,27.70124053,10.13361659,17.42982523,3,3,2.038590201,3
3,14.12485269,3,3,3,3,24900,3,33.82645152,13.29098653,4.171710283,3,30.05369926,15.41836788,27.65353146,9.509953945,17.37203628,3,3,2.218092018,3
3,12.54710525,3,3,3,3,24970,3,33.82065537,8.899834124,4.675837115,3,30.70148672,12.72675194,24.41161634,9.785996281,15.62784808,3,3,1.607487788,3
3,11.89569396,3,3,3,3,25060,3,32.86635194,9.582747136,5.588870748,3,28.17595381,13.44908862,26.39822526,9.968038289,16.35722698,3,3,1.81966534,3
3,13.47667958,3,3,3,3,25150,3,32.93465614,13.07145278,3.713792397,3,29.96681543,14.3026856,28.04660336,9.966221167,16.76811272,3,3,2.034542353,3
3,12.10351018,3,3,3,3,25250,3,32.42462677,9.430241732,6.678856318,3,28.90318718,15.00483235,26.39474116,9.942578922,17.21140883,3,3,1.851516638,3
3,13.3720846,3,3,3,3,25340,3,35.6692468,12.1181815,3.498085021,3,30.78994302,14.51234994,27.99661696,9.834324453,16.48391192,3,3,1.97839652,3
1,13.97716051,3,3,3,3,25430,3,36.32920115,13.51937067,3.462334115,3,30.79378551,14.77700675,28.29432104,9.806730194,17.52300381,3,1,2.071338845,3
1,12.17980589,3,3,3,3,25490,3,34.84760564,12.82985628,3.283294088,3,35.10169517,14.66854745,28.22570054,10.2292267,16.51917733,3,1,1.971399,3
1,12.72278517,3,3,3,3,25620,3,33.54611604,12.49714692,3.76523066,3,30.27049888,14.31695254,27.71298284,9.81163193,17.06828427,3,1,2.010025634,3
3,11.14763239,3,3,3,3,25710,3,33.85936509,11.83427533,3.279820554,3,30.70285877,12.64469084,25.8445973,9.90189643,13.98012387,3,3,1.67801988,3
1,15.16444641,3,3,3,3,25810,3,34.52918636,13.95607772,3.806031597,3,30.82773909,16.96662382,30.82677214,9.82988908,17.73844392,3,1,2.147163435,3
3,12.82451672,3,3,3,3,25900,3,32.13927602,9.237689163,4.33496701,3,28.16663896,12.35951301,24.49764872,9.710571187,16.6395449,3,3,1.804890792,3
1,14.91770662,3,3,3,3,25990,3,33.24287918,11.80027418,3.805994331,3,30.47640414,17.38169913,29.04400413,9.776570895,17.53649936,3,1,2.136079,3
2,12.49219689,3,1,3,1,26080,1,33.94587625,14.58284593,3.212177227,1,31.00417172,13.91987827,28.53817446,9.819857048,15.25189594,3,2,1.880614055,3
1,14.02267048,3,3,3,3,26170,3,35.4155478,12.65217337,3.454372006,3,29.65842916,14.67575313,28.24300627,9.920245877,17.61437067,3,1,1.946030919,3
1,13.2096307,3,3,3,3,26260,3,36.86111529,13.59754114,3.527087978,3,31.08868139,15.06777245,28.72683571,9.457161275,17.25996795,3,1,2.020862792,3
3,13.02042934,3,3,3,3,26350,3,33.752333,8.814752774,4.009522567,3,28.38421137,12.31670776,24.84760693,9.651919948,15.67631898,3,3,1.669236957,3
1,13.49088053,3,3,3,3,26430,3,34.24553718,13.00578402,3.558873053,3,30.59253327,14.56098701,28.07418638,9.69151088,17.25699396,3,1,2.06631842,3
3,12.25015052,3,3,3,3,26490,3,34.1256063,12.01458318,3.247730696,3,30.33776368,13.71778568,27.40362725,10.03287042,15.24605712,3,3,1.841678895,3
3,13.16176469,3,3,3,3,26610,3,33.74385546,12.86551458,4.177143156,3,29.49347109,15.11452665,27.79995969,9.72083783,16.7330703,3,3,2.112707297,3
1,12.80745441,3,3,3,3,26670,3,36.94893761,12.71845417,3.400229774,3,34.38937069,14.65149159,28.712213,9.584006106,18.07762264,3,1,2.245307002,3
3,14.29155163,3,3,3,3,26700,3,33.02615218,13.86216603,3.721057208,3,31.6077439,14.52781494,28.37571081,9.636338229,17.3335668,3,3,2.114961956,3
1,14.2688805,3,3,3,3,26730,3,37.127568,15.16509084,3.779278866,3,36.7320867,14.92813466,27.97729444,9.472794518,17.30354702,3,1,2.245807728,3
3,14.29886437,3,3,3,3,26810,3,32.54247547,13.51568845,3.9192501,3,30.85992665,16.35018775,28.818337,10.34059082,17.65644653,3,3,2.182192699,3
2,13.77810557,3,3,3,3,26890,1,36.28881949,12.67625695,3.639035733,3,29.92766123,15.99303888,30.39747636,9.192173104,17.07672743,3,1,2.04492012,3
3,12.75245778,3,3,3,3,26980,3,33.40306691,9.777210543,3.910215191,3,32.10508022,13.28471091,25.75741398,9.933663033,16.24749262,3,3,1.698102529,3
3,11.28652791,3,3,3,3,27070,3,32.16586798,9.775500854,7.365397102,3,26.47035977,14.88481386,26.99765088,10.42056297,16.89716418,3,3,1.685069483,3
1,15.18228992,3,3,3,3,27170,3,32.72966162,15.29539719,4.673538267,3,35.61827902,14.70348218,30.12525702,10.80048127,17.98900881,3,3,2.176726125,3
3,11.49441271,3,3,3,3,27260,3,32.59472796,9.452335459,5.465582026,3,26.77076969,12.84404944,25.34733325,10.79453535,16.49658341,3,3,1.773783044,3
3,12.47713188,3,3,3,3,27350,3,32.19983973,9.524416299,5.612524549,3,28.37979762,12.39510728,25.98712064,9.711922667,17.03923769,3,3,1.906546364,3
3,12.3854679,3,3,3,3,27450,3,33.35847529,11.82975133,3.482923584,3,30.28106905,13.67734871,27.29949526,10.05634828,16.12620883,3,3,1.895205724,3
1,13.77684326,3,3,3,3,27630,3,36.28432812,12.67810463,3.639025854,3,29.93115114,15.99252017,30.39373965,9.19484313,17.07777625,3,1,2.044905341,3
2,12.75077086,1,1,1,1,29399,1,37.31903327,12.38450893,3.452583038,1,32.67433118,14.63950311,28.54822316,9.985613074,17.91423826,1,2,2.179040733,1
null,null,null,null,null,null,30250,null,null,null,null,null,null,null,null,null,null,null,null,null,null
1,14.17661989,3,3,3,3,30300,1,30.45959068,10.34558118,5.519603105,3,26.43289237,14.93120055,27.55551191,10.19881253,18.7358633,3,1,2.779516759,3
3,12.88429465,3,3,3,3,30370,3,31.61414742,10.80321896,4.439275015,3,26.61909227,13.63565155,27.54657887,9.980867824,19.72673952,3,3,2.663899683,3
null,null,null,null,null,null,30410,null,null,null,null,null,null,null,null,null,null,null,null,null,null
null,null,null,null,null,null,30450,null,null,null,null,null,null,null,null,null,null,null,null,null,null
null,null,null,null,null,null,30760,null,null,null,null,null,null,null,null,null,null,null,null,null,null
3,17.25155538,3,3,3,3,33620,3,29.83766948,11.58944804,6.663039408,3,27.29327928,16.68197497,28.91956586,9.9359496,18.36048437,3,3,2.996432899,3
null,null,null,null,null,null,33800,null,null,null,null,null,null,null,null,null,null,null,null,null,null
null,null,null,null,null,null,33830,null,null,null,null,null,null,null,null,null,null,null,null,null,null
null,null,null,null,null,null,30900,null,null,null,null,null,null,null,null,null,null,null,null,null,null
3,13.8763342,3,3,3,3,31000,3,30.7864865,8.911874591,5.013139588,3,26.1836505,12.72215587,25.557929,9.994642367,16.56103422,3,3,2.474073165,3
3,15.18775325,3,3,3,3,33960,3,30.01222905,10.43914645,5.697845483,3,28.56817783,15.3660406,28.02312027,10.60928837,18.0719706,3,3,2.913148108,3
3,12.45146086,3,3,3,3,33980,3,32.54337711,8.150897972,4.167134463,3,25.60303877,12.62205017,25.87032925,11.02496363,17.08353581,3,3,2.4477483,3
null,null,null,null,null,null,31750,null,null,null,null,null,null,null,null,null,null,null,null,null,null
3,16.52986949,3,3,3,3,31820,3,30.0221416,12.12988736,5.418152701,3,27.24430836,17.02171875,29.15189762,9.959098504,18.18349074,3,3,3.133670693,3
3,13.74438361,3,3,3,3,31900,3,30.15651478,11.34213144,4.781852694,3,25.85688156,13.95001915,26.78700427,10.25156275,19.1118484,3,3,2.831174571,3
null,null,null,null,null,null,31950,null,null,null,null,null,null,null,null,null,null,null,null,null,null
3,14.41327827,3,3,3,3,32070,3,30.69847657,9.369368495,5.351479684,3,25.47043109,13.25510184,26.30217441,10.42651465,19.17276798,3,3,2.691786796,3
null,null,null,null,null,null,32250,null,null,null,null,null,null,null,null,null,null,null,null,null,null
null,null,null,null,null,null,32260,null,null,null,null,null,null,null,null,null,null,null,null,null,null
3,12.97950866,3,3,3,3,32270,3,30.57630731,10.31506873,5.649697821,3,25.93286634,13.10381477,25.75510712,11.05846235,17.93068918,3,3,2.949869572,3
null,null,null,null,null,null,32310,null,null,null,null,null,null,null,null,null,null,null,null,null,null
null,null,null,null,null,null,34420,null,null,null,null,null,null,null,null,null,null,null,null,null,null
null,null,null,null,null,null,34570,null,null,null,null,null,null,null,null,null,null,null,null,null,null
3,15.66731914,3,3,3,3,34580,3,30.28341627,10.66422999,4.938512061,3,29.37275262,15.95537401,28.68096101,10.05278254,17.45501075,3,3,2.809387355,3
3,13.83414684,3,3,3,3,34590,3,30.08628675,9.851924572,6.405423181,3,25.77453177,14.12397626,27.47757682,10.4723118,17.95176595,3,3,2.803137645,3
2,17.59758735,1,1,1,1,32330,2,29.22502046,11.34189049,6.305825516,1,26.26008257,16.77414004,28.3351177,9.868390021,18.31938001,1,2,3.117377128,1
null,null,null,null,null,null,32450,null,null,null,null,null,null,null,null,null,null,null,null,null,null
null,null,null,null,null,null,32500,null,null,null,null,null,null,null,null,null,null,null,null,null,null
null,null,null,null,null,null,32600,null,null,null,null,null,null,null,null,null,null,null,null,null,null
null,null,null,null,null,null,34710,null,null,null,null,null,null,null,null,null,null,null,null,null,null
3,13.36610494,3,3,3,3,34770,3,31.04109398,11.28949828,4.759599105,3,26.68432793,13.63550056,28.1094389,10.34842009,19.11140764,3,3,2.862279497,3
null,null,null,null,null,null,34800,null,null,null,null,null,null,null,null,null,null,null,null,null,null
3,14.52804039,3,3,3,3,36510,3,31.26344964,10.93578552,4.66569226,3,29.00027445,14.90292016,28.23736018,10.34527726,17.60765422,3,3,2.672539324,3
3,16.03786889,3,3,3,3,36580,3,29.75776292,11.12748016,6.477849019,3,29.80984606,16.62893309,29.09429743,10.37937632,18.05315584,3,3,3.255729734,3
3,16.77465494,3,3,3,3,36630,3,30.87668495,11.94429042,5.668482065,3,26.13774441,16.73711455,28.02590469,9.842063027,17.68772132,3,3,3.086260244,3
3,15.644899,3,3,3,3,36660,3,30.63673812,11.89428006,5.093069215,3,27.72166358,16.30589199,28.47436885,9.716758981,17.63286403,3,3,2.843272927,3
null,null,null,null,null,null,32750,null,null,null,null,null,null,null,null,null,null,null,null,null,null
1,14.40360454,3,3,3,3,35760,3,30.14762604,10.41321044,5.051967749,3,26.75008851,16.287557,26.91809624,9.838793614,17.24790649,3,3,2.98819212,3
null,null,null,null,null,null,35780,null,null,null,null,null,null,null,null,null,null,null,null,null,null
3,14.91655367,3,3,3,3,36710,3,31.36364624,10.99773551,4.334976578,3,29.28326012,13.89341621,27.68874842,9.907079686,17.7286829,3,3,2.753241148,3
3,14.36234631,3,3,3,3,36810,3,29.79997571,11.42294603,5.043014739,3,26.82985059,14.27335482,27.90226148,10.39848754,18.45392664,3,3,2.844990466,3
null,null,null,null,null,null,32770,null,null,null,null,null,null,null,null,null,null,null,null,null,null
null,null,null,null,null,null,33100,null,null,null,null,null,null,null,null,null,null,null,null,null,null
null,null,null,null,null,null,33200,null,null,null,null,null,null,null,null,null,null,null,null,null,null
3,17.23052688,3,3,3,3,33220,3,30.1649947,12.8213868,5.532890379,3,28.12662166,16.89404024,29.54896777,9.971661686,18.11406082,3,3,3.248586824,3
3,13.5040696,3,3,3,3,33360,3,30.43269464,11.54641898,4.928778007,3,26.35872917,13.90048863,27.7953484,10.43162606,19.28882991,3,3,2.74418437,3
3,14.49145608,3,3,3,3,33430,3,30.85632347,9.647051717,4.81335707,3,26.90126874,13.51240006,26.8510416,10.05328297,18.66854616,3,3,2.624755614,3
1,14.17661989,3,3,3,3,33610,3,30.45959068,10.34558118,5.519603105,3,26.43289237,14.93120055,27.55551191,10.19881253,18.7358633,3,1,2.779516759,3
null,null,null,null,null,null,36070,null,null,null,null,null,null,null,null,null,null,null,null,null,null
null,null,null,null,null,null,36150,null,null,null,null,null,null,null,null,null,null,null,null,null,null
null,null,null,null,null,null,34830,null,null,null,null,null,null,null,null,null,null,null,null,null,null
1,13.14276619,3,3,3,3,34860,3,31.44597344,11.12372429,4.311838586,3,26.78673937,14.00412824,28.58173784,10.9866714,19.30598722,3,1,2.58290689,3
3,14.5771452,3,3,3,3,35010,3,30.38260566,10.63986696,5.05530303,3,26.8639074,14.71525397,27.49417634,10.00135618,17.11159402,3,3,2.820196412,3
null,null,null,null,null,null,35250,null,null,null,null,null,null,null,null,null,null,null,null,null,null
3,13.92408649,3,3,3,3,35300,3,30.02813155,8.188197863,4.72837071,3,24.59981469,12.83968177,26.33173993,10.87544177,17.39135719,3,3,2.660455461,3
null,null,null,null,null,null,35600,null,null,null,null,null,null,null,null,null,null,null,null,null,null
null,null,null,null,null,null,35670,null,null,null,null,null,null,null,null,null,null,null,null,null,null
null,null,null,null,null,null,35790,null,null,null,null,null,null,null,null,null,null,null,null,null,null
3,13.77892179,3,3,3,3,36250,3,30.36175274,10.30253902,4.750423839,3,28.98598142,13.40920184,26.9321326,9.993098559,16.70877373,3,3,2.739231912,3
null,null,null,null,null,null,36300,null,null,null,null,null,null,null,null,null,null,null,null,null,null
3,15.20104442,3,3,3,3,36360,3,31.12199198,11.97973814,4.903455507,3,29.98000624,15.02641903,28.50394284,10.35490759,18.49314371,3,3,2.93765865,3
null,null,null,null,null,null,35800,null,null,null,null,null,null,null,null,null,null,null,null,null,null
3,14.77673292,3,3,3,3,36910,3,31.61136063,12.04256419,4.706568135,3,30.69743296,15.29816351,28.24930741,10.22554605,17.78776061,3,3,2.926294973,3
null,null,null,null,null,null,36950,null,null,null,null,null,null,null,null,null,null,null,null,null,null
null,null,null,null,null,null,36960,null,null,null,null,null,null,null,null,null,null,null,null,null,null
3,13.73457539,3,3,3,3,37010,3,30.49421586,9.857612199,4.897341159,3,26.33808239,14.43022267,27.6846964,10.57945727,18.57247819,3,3,2.780264016,3
null,null,null,null,null,null,37300,null,null,null,null,null,null,null,null,null,null,null,null,null,null
3,13.46586891,3,3,3,3,37310,3,32.01494293,10.98622658,4.554465204,3,28.06145756,14.36322066,28.34473766,10.33662536,19.1519309,3,3,2.754439254,3
3,14.89035017,3,3,3,3,37340,3,31.30769371,10.15513226,4.921586927,3,26.0509219,14.12056897,28.60518311,10.79006274,20.10191064,3,3,2.758035308,3
3,17.97979634,3,3,3,3,40070,3,36.31460305,7.216437058,5.90722149,3,25.67426766,13.75991256,26.78383808,10.85935842,15.69221632,3,3,1.88792587,3
3,12.28684999,3,3,3,3,40120,3,36.27907821,11.69532306,4.891106203,3,28.92812473,13.65303976,26.7623868,10.38668241,14.90392368,3,3,1.898950874,3
3,14.98611332,3,3,3,3,40220,3,37.38311919,12.36917116,5.340534364,3,28.59989841,15.65467725,28.44632132,9.997358132,17.92053018,3,3,2.18748562,3
1,15.64994134,3,3,3,3,40430,1,38.10938887,11.26375458,5.74395418,3,29.49116678,17.96242305,29.31172746,9.954233918,17.54095667,3,1,2.238048303,3
3,16.79213811,3,3,3,3,40520,3,33.43155598,12.56589235,6.920251274,3,29.68915123,18.24965821,29.75481979,10.41589862,17.55721558,3,3,2.503303629,3
null,null,null,null,null,null,37400,null,null,null,null,null,null,null,null,null,null,null,null,null,null
3,13.59254636,3,3,3,3,40910,3,33.79698171,9.849848578,7.531882603,3,27.68380471,14.17444798,25.86158204,10.13024501,16.93947493,3,3,1.954774782,3
null,null,null,null,null,null,41010,null,null,null,null,null,null,null,null,null,null,null,null,null,null
3,13.52902672,3,3,3,3,41060,3,34.25270788,9.850222894,8.04221944,3,27.86019276,15.69867594,27.13303298,10.1533532,17.32270516,3,3,2.249330193,3
3,15.32861654,3,3,3,3,41140,3,36.51795508,12.08588124,5.214827036,3,29.39529706,14.96963762,28.71563778,10.10763646,16.6150112,3,3,2.154859636,3
2,13.17613948,3,3,3,3,51080,1,36.87571694,11.32843321,4.751359372,3,35.21006122,15.22760601,29.35328029,9.495957344,14.9623909,3,1,2.35861204,3
2,13.11630264,1,1,1,1,37550,2,31.09739148,9.200730888,5.636921234,1,25.99796403,13.60499457,26.39449532,11.15177208,19.13062727,1,2,3.292559135,1
null,null,null,null,null,null,41330,null,null,null,null,null,null,null,null,null,null,null,null,null,null
3,17.33988908,3,3,3,3,41560,3,36.6356194,13.93030816,6.322520691,3,30.35671582,19.13942194,30.74817312,10.2198251,17.78070961,3,3,2.58955937,3
null,null,null,null,null,null,41750,null,null,null,null,null,null,null,null,null,null,null,null,null,null
1,16.20593403,3,3,3,3,44830,3,37.62025566,11.62239225,6.583635816,3,28.65592768,18.31000238,29.39184126,10.38336753,18.03890737,3,3,2.233788702,3
3,17.0403458,3,3,3,3,45040,3,33.85546359,13.44718046,7.128756568,3,29.70988211,18.47699135,29.19575257,11.26878636,18.5438075,3,3,2.480816553,3
1,14.69769172,3,3,3,3,52870,3,35.37782437,12.44580343,4.982357261,3,36.7801232,15.84725855,32.33044375,9.224050075,17.67456331,3,1,2.344344953,3
2,13.7956175,1,1,1,1,51120,2,37.76443783,11.46971117,5.118579421,1,36.43124565,16.22196293,32.23384259,9.685236518,18.30727791,1,2,2.771318377,3
null,null,null,null,null,null,37570,null,null,null,null,null,null,null,null,null,null,null,null,null,null
null,null,null,null,null,null,37600,null,null,null,null,null,null,null,null,null,null,null,null,null,null
null,null,null,null,null,null,40250,null,null,null,null,null,null,null,null,null,null,null,null,null,null
3,13.55138346,3,3,3,3,40310,3,35.67729648,12.92074058,5.35152535,3,34.5922417,15.36454944,29.92853846,10.14263376,16.67459609,3,3,2.234538092,3
3,13.28988282,3,3,3,3,40700,3,35.86917877,9.005362229,5.203736071,3,29.18072891,13.69724497,26.65094889,10.1108287,15.50385531,3,3,1.894038047,3
1,12.82059066,3,3,3,3,41190,3,37.39604375,8.684462375,5.193407534,3,34.28042133,15.60173513,28.87856859,10.35570631,17.27806497,3,1,2.235227118,3
2,17.09804495,3,1,1,1,41830,1,33.68905791,13.9276262,6.443645787,1,31.07924489,18.00528409,29.38230266,10.78330733,17.41621145,3,2,2.702690508,3
1,12.82059066,3,3,3,3,41960,3,37.39604375,8.684462375,5.193407534,3,34.28042133,15.60173513,28.87856859,10.35570631,17.27806497,3,1,2.235227118,3
1,13.76835709,3,3,3,3,42750,3,34.06529096,11.86178969,6.717896184,3,30.22243264,15.59287687,30.26345483,10.98080919,18.28977359,3,3,2.146063842,3
2,14.38480443,3,1,3,1,43080,1,36.72279111,11.56570024,5.742383998,1,30.53315785,16.00508049,28.88624404,10.70286036,19.11509848,3,1,2.250368487,3
3,16.97882196,3,3,3,3,46450,3,34.26305997,13.95765022,7.15623845,3,31.70954192,18.96651007,31.2769098,10.4545729,18.10039955,3,3,2.721553905,3
1,14.14446066,3,3,3,3,54060,1,35.17164158,10.68442929,5.172105642,3,30.51869559,16.21467119,30.23745104,9.568894988,18.41009152,3,1,2.561521499,3
3,15.75829966,3,3,3,3,42030,3,34.34134522,13.27149783,5.961441375,3,34.88273755,15.15620413,28.47471334,10.33320613,17.34508628,3,3,2.421394919,3
1,15.87381415,3,3,3,3,42110,3,37.61402967,11.17281878,5.585434181,3,30.06876473,18.15717999,29.74568434,10.28287171,17.52491747,3,3,2.328420354,3
1,13.95200235,3,3,3,3,42250,3,35.84356713,11.98161348,5.678877185,3,32.97206871,14.91506494,27.00952185,10.94966307,16.8458354,3,3,2.180964876,3
3,13.59934416,3,3,3,3,43920,3,34.92173469,11.84760499,5.530304168,3,33.72724677,16.23482873,28.68444449,10.97968792,17.31739852,3,3,2.145090427,3
2,13.5874318,3,3,3,3,50630,1,37.06393012,10.44326755,4.552787497,3,31.18210964,15.49462821,29.20757101,10.08354019,16.8179751,3,1,2.244267199,3
2,14.69769172,3,3,3,1,50770,1,35.37782437,12.44580343,4.982357261,3,36.7801232,15.84725855,32.33044375,9.224050075,17.67456331,3,1,2.344344953,3
1,14.69769172,3,3,3,3,50840,3,35.37782437,12.44580343,4.982357261,3,36.7801232,15.84725855,32.33044375,9.224050075,17.67456331,3,1,2.344344953,3
1,15.59673614,3,3,3,3,50910,1,37.07453393,11.06251575,5.243878005,3,30.60026649,15.99128747,30.77434967,9.440486661,16.02333376,3,1,2.383895498,3
3,14.09293889,3,3,3,3,42600,3,34.99036693,9.5700864,5.483625085,3,27.58506825,13.9255545,25.57069248,9.75201765,15.64953279,3,3,2.113438708,3
1,12.82059066,3,3,3,3,43220,1,37.39604375,8.684462375,5.193407534,3,34.28042133,15.60173513,28.87856859,10.35570631,17.27806497,3,1,2.235227118,3
2,13.67390348,3,3,3,3,43360,1,37.61383559,11.03744365,4.988732082,3,32.45169759,15.04197395,28.35640994,12.20615534,19.02594812,3,1,2.08159558,3
3,14.88599988,3,3,3,3,43650,3,37.51092931,12.43843873,5.351915875,3,35.26207338,14.89630346,28.367938,11.12906348,17.51088695,3,3,2.150226039,3
null,null,null,null,null,null,43710,null,null,null,null,null,null,null,null,null,null,null,null,null,null
3,13.69311098,3,3,3,3,43790,3,34.84037218,11.68362702,6.079238681,3,29.64613239,16.7140088,28.92042906,10.45007426,17.31777672,3,3,2.289073315,3
null,null,null,null,null,null,44000,null,null,null,null,null,null,null,null,null,null,null,null,null,null
3,15.19719654,3,3,3,3,44060,3,33.6085424,10.7602477,5.897452603,3,29.69947535,15.89511285,27.11796636,10.43112755,17.11523355,3,3,2.275908012,3
1,15.66705003,3,3,3,3,44210,3,35.13103672,11.72343719,6.943092753,3,30.57776579,17.73718116,30.07279695,10.64793218,17.94638006,3,3,2.40555798,3
3,13.42918027,3,3,3,3,44340,3,36.33019239,9.90273446,5.050516356,3,34.10926623,14.09082358,27.27402486,10.36612093,16.05332191,3,3,1.824855906,3
3,13.76012947,3,3,3,3,44550,3,34.78573351,13.1906269,5.072357424,3,29.93849109,14.45375863,27.82187339,10.70270491,16.76855425,3,3,2.096507889,3
3,15.03483271,3,3,3,3,51190,3,33.72649197,12.34802672,5.161388239,3,30.27436585,16.51151268,31.87629014,9.336420552,15.82108407,3,3,2.586663593,3
3,14.35073835,3,3,3,3,51260,3,38.66440301,12.80729641,4.621549676,3,34.84825055,15.55657753,27.49745216,9.336964036,17.03742625,3,3,2.353446193,3
3,13.24062206,3,3,3,3,51310,3,34.46672728,10.02179139,4.645550968,3,29.95350546,13.74056175,27.02851028,8.566334015,13.75556916,3,3,1.966896133,3
3,14.10488609,3,3,3,3,51330,3,34.25064872,7.707558105,6.070663928,3,28.43978691,14.5602261,27.58337862,9.17313414,14.6221162,3,3,1.970744143,3
1,16.96310111,3,3,3,3,44620,3,33.22033554,14.21941453,6.441669771,3,34.67757836,15.18328865,27.20669724,10.97885097,16.92307133,3,3,2.453711522,3
3,12.57583521,3,3,3,3,45090,3,37.49996008,12.43049256,5.305989489,3,33.47126866,15.06001239,28.37998537,10.37710186,18.07636489,3,3,2.174082959,3
1,14.52665025,3,3,3,3,45120,3,37.62907361,11.98489008,5.280284979,3,30.46250123,18.57833209,32.49100708,10.34733986,18.02678417,3,3,2.38374443,3
3,14.1434475,3,3,3,3,45290,3,33.94602716,8.571718303,7.647557659,3,26.06956456,14.82590588,28.78044271,10.38277597,17.45619414,3,3,2.201048567,3
3,15.19351065,3,3,3,3,45340,3,34.83921694,10.91888614,5.945374489,3,34.41813739,15.62177005,29.12792691,10.28719665,16.63443076,3,3,2.309607175,3
3,15.84211926,3,3,3,3,50980,3,33.176828,10.89015219,5.301757365,3,31.32449435,14.91192776,30.06385201,10.1092984,17.77472125,3,3,2.970836995,3
2,16.15499536,3,3,3,1,45400,1,37.62051421,11.63355605,6.547631292,3,28.71136067,18.3174315,29.48055931,10.38237676,18.03857004,3,1,2.238055819,3
1,16.21818419,3,3,3,3,45540,3,37.62019356,11.61970589,6.592264588,3,28.6425907,18.30822179,29.37055208,10.38360494,18.03898823,3,1,2.232764969,3
3,16.83879367,3,3,3,3,45680,3,33.75428503,11.38318333,7.969729544,3,34.24270074,17.40422387,30.00690296,11.1211335,17.52388595,3,3,2.742181474,3
3,15.44873773,3,3,3,3,45890,3,33.49117603,9.948532005,9.075973445,3,29.08482577,16.1169203,27.38577337,10.23942433,17.18744181,3,3,2.347212564,3
1,17.09804495,3,3,3,3,46090,3,33.68905791,13.9276262,6.443645787,3,31.07924489,18.00528409,29.38230266,10.78330733,17.41621145,3,3,2.702690508,3
1,15.65027452,3,3,3,3,46300,3,33.51346331,13.83845188,5.775438263,3,34.26073527,16.15061267,31.62483771,11.14175377,18.745037,3,3,2.452661583,3
1,13.08042036,3,3,3,3,46510,3,34.55971628,9.743900723,5.72316536,3,29.04364324,14.26061787,28.11975545,10.52902156,15.93475749,3,3,1.934294217,3
3,14.91673048,3,3,3,3,46670,3,33.51097584,12.30594823,7.721498282,3,29.01564881,17.27291162,29.55768134,10.2320643,17.50235554,3,3,2.367186988,3
2,13.67390348,3,3,3,1,46860,1,37.61383559,11.03744365,4.988732082,1,32.45169759,15.04197395,28.35640994,12.20615534,19.02594812,3,1,2.08159558,3
1,12.47243458,3,3,3,3,46970,3,35.49647664,9.606776379,4.456819826,3,28.12418579,11.84245162,25.2423886,11.61161848,14.07233059,3,3,1.814812702,3
3,14.86411598,3,3,3,3,47140,3,33.78719108,10.00305377,7.71950928,3,31.97708888,16.00668657,29.3256844,10.64859425,16.91668809,3,3,2.295369519,3
1,14.23140852,3,3,3,3,47290,1,36.92031891,11.55154364,5.611655588,3,30.50537581,15.8673232,28.77059364,10.70208046,19.21422174,3,1,2.236268282,3
null,null,null,null,null,null,47490,null,null,null,null,null,null,null,null,null,null,null,null,null,null
1,13.67390348,3,3,3,3,47630,3,37.61383559,11.03744365,4.988732082,3,32.45169759,15.04197395,28.35640994,12.20615534,19.02594812,3,3,2.08159558,3
3,13.609737,3,3,3,3,47700,3,35.10430173,10.66000303,5.624803048,3,32.98137191,14.678974,27.78389662,10.6104986,16.69620848,3,3,2.12477339,3
1,14.23140852,3,3,3,3,47800,3,36.92031891,11.55154364,5.611655588,3,30.50537581,15.8673232,28.77059364,10.70208046,19.21422174,3,3,2.236268282,3
null,null,null,null,null,null,47910,null,null,null,null,null,null,null,null,null,null,null,null,null,null
3,13.22397305,3,3,3,3,51400,3,37.46831196,12.36382636,4.708630124,3,30.23532599,15.35091863,29.91097832,9.997957704,16.03384845,3,3,2.388324586,3
2,14.14446066,1,1,1,1,51470,2,35.17164158,10.68442929,5.172105642,1,30.51869559,16.21467119,30.23745104,9.568894988,18.41009152,1,2,2.561521499,1
3,15.62727303,3,3,3,3,51540,3,32.91155317,9.690619662,5.540463427,3,28.64385248,15.40860062,28.23843955,9.277940726,17.39771494,3,3,3.27896736,3
2,14.04798122,1,1,3,1,51610,1,34.52471288,10.41039298,5.09803448,1,30.78698374,16.13258726,30.28354133,9.630333743,17.45294326,3,2,2.542381978,3
2,13.17499215,3,3,3,1,54130,1,36.87439172,11.31719648,4.751495979,1,35.18853183,15.22804468,29.35357795,9.498162536,14.96668673,3,1,2.358142411,3
3,13.96028748,3,3,3,3,47980,3,33.98193541,9.522757484,5.952265815,3,28.92155684,13.61346836,27.94987811,9.943434081,14.88399094,3,3,1.909666998,3
1,16.90866846,3,3,3,3,48050,3,39.36806384,12.42328099,5.502662822,3,27.03746234,16.44300505,28.42464223,9.718474654,18.90618091,3,3,2.220526155,3
1,15.63518396,3,3,3,3,48130,3,38.13593866,11.22811734,5.743477803,3,29.48291144,17.94562496,29.30076802,9.954009983,17.54104475,3,3,2.234323173,3
1,13.56513693,3,3,3,3,51960,1,34.11586411,10.77189306,6.549964052,3,27.44770425,15.46237448,28.88060926,9.885939014,18.28559659,3,1,2.50928445,3
2,14.14446066,1,1,1,1,52030,2,35.17164158,10.68442929,5.172105642,1,30.51869559,16.21467119,30.23745104,9.568894988,18.41009152,1,2,2.561521499,3
3,13.08638957,3,3,3,3,54170,3,33.91287562,9.545826324,4.736599969,3,30.47741669,14.12066421,28.91279505,9.014665251,14.27554155,3,3,2.130061583,3
3,13.00803667,3,3,3,3,54200,3,35.83645183,10.05505002,4.868909424,3,33.87631651,14.69421677,29.14176623,8.981065281,15.59501428,3,3,2.166538793,3
1,13.08042036,3,3,3,3,48260,3,34.55971628,9.743900723,5.72316536,3,29.04364324,14.26061787,28.11975545,10.52902156,15.93475749,3,1,1.934294217,3
3,15.14031313,3,3,3,3,48340,3,36.29309435,12.60522033,6.512629773,3,34.35768171,16.49878941,29.19516989,10.4237551,17.20570193,3,3,2.341649214,3
3,14.23475141,3,3,3,3,48410,3,34.34654185,9.182370935,6.784158856,3,26.81490014,15.25918668,26.60151281,9.779605737,16.56712139,3,3,2.048726966,3
1,14.55027859,3,3,3,3,48540,3,32.85844029,13.61277408,7.295371146,3,32.78786676,16.99667117,26.98133522,10.1080622,17.41191475,3,3,2.932800469,3
null,null,null,null,null,null,48640,null,null,null,null,null,null,null,null,null,null,null,null,null,null
2,16.90054999,3,3,3,1,48750,1,39.35626985,12.42083976,5.501900739,3,27.04317805,16.44004576,28.42473914,9.719806231,18.90320511,3,1,2.220247336,3
3,15.30861121,3,3,3,3,48830,3,37.75142088,10.79045151,5.50195046,3,30.65743315,18.52400307,30.09925912,10.20629158,17.96171277,3,3,2.41516542,3
null,null,null,null,null,null,49399,null,null,null,null,null,null,null,null,null,null,null,null,null,null
3,15.48636231,3,3,3,3,50080,3,35.94041382,13.11093182,5.039895626,3,34.70575122,16.05711559,30.2060203,9.485420911,15.83671773,3,3,2.518847975,3
3,14.82555477,3,3,3,3,50210,3,34.08112021,9.780583522,5.554429398,3,30.23025377,15.94509428,30.80768416,9.515080742,15.97881259,3,3,2.419921938,3
null,null,null,null,null,null,50250,null,null,null,null,null,null,null,null,null,null,null,null,null,null
3,14.25917827,3,3,3,3,50280,3,37.48382006,10.97590629,4.39348328,3,34.18917114,15.56052677,28.94213514,8.743075516,15.4914746,3,3,2.237756274,3
3,14.20613094,3,3,3,3,50350,3,33.67696954,10.15448485,5.329179446,3,30.95828176,15.71949741,30.29763602,8.913593633,14.7782028,3,3,2.370555973,3
3,14.1264167,3,3,3,3,50420,3,33.4248355,7.880678242,5.643292779,3,31.97607397,14.26374224,27.79044838,9.129911444,16.75002606,3,3,2.066296716,3
3,15.3111419,3,3,3,3,50490,3,32.80514964,8.563200097,5.804030849,3,27.07135724,15.28395168,30.52396144,9.606051687,18.53077171,3,3,2.347609658,3
2,15.81710103,1,1,1,1,50560,1,35.05678979,11.62365611,5.332461903,1,33.01100063,16.97975636,29.14891825,9.699764552,16.05498368,3,2,2.506833745,3
1,13.63328993,3,3,3,3,51680,3,34.03128148,8.83603006,4.743155718,3,32.20518538,15.72431979,30.04997094,9.97183886,17.8327125,3,1,2.335703042,3
2,13.7956175,1,1,3,1,52450,1,37.76443783,11.46971117,5.118579421,1,36.43124565,16.22196293,32.23384259,9.685236518,18.30727791,3,2,2.771318377,3
1,13.86246104,3,3,3,3,51750,3,38.55441419,8.909426075,4.379364945,3,28.97850143,13.83994038,25.78102826,8.311520487,13.33241242,3,1,2.000468562,3
3,13.31080299,3,3,3,3,51820,3,34.35133443,9.147280237,5.911660379,3,28.98903267,15.29701911,28.07515858,9.135165571,15.01717028,3,3,2.287376901,3
3,14.45836431,3,3,3,3,51890,3,33.31291114,12.92511007,5.403474155,3,31.99193003,16.78568104,31.17845379,10.15658966,16.85647779,3,3,2.677967633,3
2,13.99447746,1,1,1,1,52520,1,34.63330235,10.7305296,4.719073576,1,33.99103353,15.56057195,30.1255637,8.798349805,16.72368295,3,2,2.543742897,3
1,13.63328993,3,3,3,3,52590,1,34.03128148,8.83603006,4.743155718,3,32.20518538,15.72431979,30.04997094,9.97183886,17.8327125,3,1,2.335703042,3
3,13.50859681,3,3,3,3,52660,3,37.6451467,12.56933936,4.622142956,3,30.80090512,15.55562629,29.93098698,9.362415779,17.00026528,3,3,2.382501697,3
1,14.23923779,3,3,3,3,52730,3,36.40397577,11.60158036,5.615808943,3,32.09579921,15.23703187,28.52733086,8.93554926,15.53676393,3,1,2.466197114,3
null,null,null,null,null,null,52800,null,null,null,null,null,null,null,null,null,null,null,null,null,null
1,15.59673614,3,3,3,3,52100,1,37.07453393,11.06251575,5.243878005,3,30.60026649,15.99128747,30.77434967,9.440486661,16.02333376,3,1,2.383895498,3
1,13.84964744,3,3,3,3,52170,1,38.58028804,8.812744617,4.279325192,3,28.79426182,13.78068706,25.29565897,8.100687857,13.24110835,3,1,2.0121391,3
2,13.17613948,3,3,3,1,52240,1,36.87571694,11.32843321,4.751359372,1,35.21006122,15.22760601,29.35328029,9.495957344,14.9623909,3,1,2.35861204,3
2,13.5874318,1,1,1,1,52310,2,37.06393012,10.44326755,4.552787497,1,31.18210964,15.49462821,29.20757101,10.08354019,16.8179751,1,2,2.244267199,3
null,null,null,null,null,null,52380,null,null,null,null,null,null,null,null,null,null,null,null,null,null
2,13.99447746,1,1,1,1,52940,2,34.63330235,10.7305296,4.719073576,1,33.99103353,15.56057195,30.1255637,8.798349805,16.72368295,1,2,2.543742897,1
2,13.5874318,1,1,1,1,53010,2,37.06393012,10.44326755,4.552787497,1,31.18210964,15.49462821,29.20757101,10.08354019,16.8179751,1,2,2.244267199,1
2,13.56513693,1,1,1,1,53080,2,34.11586411,10.77189306,6.549964052,1,27.44770425,15.46237448,28.88060926,9.885939014,18.28559659,1,2,2.50928445,3
1,13.17613948,3,3,3,3,54550,1,36.87571694,11.32843321,4.751359372,3,35.21006122,15.22760601,29.35328029,9.495957344,14.9623909,3,1,2.35861204,3
1,14.43366107,3,3,3,3,53150,1,33.71168423,9.666629934,4.832860266,3,31.45372863,14.99749164,27.93393009,8.361694592,14.30053168,3,1,2.414721825,3
null,null,null,null,null,null,53220,null,null,null,null,null,null,null,null,null,null,null,null,null,null
3,14.07766155,3,3,3,3,53290,3,37.67611985,12.24966055,5.090550869,3,30.44140473,16.12197589,30.11777716,9.469454438,17.82808993,3,3,2.525344706,3
null,null,null,null,null,null,53360,null,null,null,null,null,null,null,null,null,null,null,null,null,null
3,14.72608828,3,3,3,3,53430,3,33.47910412,10.35479873,6.088945387,3,32.85070805,15.02759945,27.93317173,8.476111847,14.81778648,3,3,2.351262299,3
3,14.66701547,3,3,3,3,53520,3,33.52010359,12.91105054,5.975636027,3,30.74627793,15.86072138,29.94497216,10.18847843,16.98392141,3,3,2.733413485,3
1,13.63328993,3,3,3,3,53570,3,34.03128148,8.83603006,4.743155718,3,32.20518538,15.72431979,30.04997094,9.97183886,17.8327125,3,1,2.335703042,3
2,13.17613948,3,3,3,3,53640,1,36.87571694,11.32843321,4.751359372,3,35.21006122,15.22760601,29.35328029,9.495957344,14.9623909,3,1,2.35861204,3
2,13.5874318,1,1,1,1,54620,2,37.06393012,10.44326755,4.552787497,1,31.18210964,15.49462821,29.20757101,10.08354019,16.8179751,1,2,2.244267199,3
2,13.99447746,1,1,1,2,54690,2,34.63330235,10.7305296,4.719073576,1,33.99103353,15.56057195,30.1255637,8.798349805,16.72368295,1,2,2.543742897,1
2,13.5874318,1,1,1,1,54760,2,37.06393012,10.44326755,4.552787497,1,31.18210964,15.49462821,29.20757101,10.08354019,16.8179751,1,2,2.244267199,1
3,14.58285092,3,3,3,3,54830,3,33.58935518,9.976802131,6.327214492,3,29.3063965,17.31579265,29.41436456,9.869247488,17.92057576,3,3,2.591322357,3
2,13.5874318,1,1,3,1,54900,1,37.06393012,10.44326755,4.552787497,1,31.18210964,15.49462821,29.20757101,10.08354019,16.8179751,3,2,2.244267199,3
2,13.99447746,1,1,1,1,53710,2,34.63330235,10.7305296,4.719073576,1,33.99103353,15.56057195,30.1255637,8.798349805,16.72368295,1,2,2.543742897,3
3,14.08532305,3,3,3,3,53780,3,33.42842468,8.995641238,6.1920028,3,28.10488844,15.16747273,28.76922375,9.236954563,16.17821714,3,3,2.104181584,3
null,null,null,null,null,null,53920,null,null,null,null,null,null,null,null,null,null,null,null,null,null
3,13.75170266,3,3,3,3,53990,3,33.52146351,12.13109691,5.958747218,3,30.79520714,16.22562269,30.97209785,9.851437624,16.0266934,3,3,2.458624395,3
3,13.74887232,3,3,3,3,54280,3,33.6641284,9.503096863,5.308257871,3,27.83703063,15.05387206,28.91348599,10.0148557,15.45646979,3,3,2.412231775,3
null,null,null,null,null,null,55040,null,null,null,null,null,null,null,null,null,null,null,null,null,null
3,16.32756247,3,3,3,3,55110,3,37.22202483,10.86238256,5.441400354,3,31.7707449,17.07663521,30.7140564,9.318038506,17.76609584,3,3,2.781773619,3
1,15.42419878,3,3,3,3,54340,3,36.60578219,12.87083687,5.723473953,3,34.51184969,17.57009443,30.48884739,9.125296217,15.35486899,3,3,2.754916227,3
2,13.7956175,1,1,1,1,54410,1,37.76443783,11.46971117,5.118579421,1,36.43124565,16.22196293,32.23384259,9.685236518,18.30727791,3,2,2.771318377,3
2,13.17613948,1,1,1,1,54480,2,36.87571694,11.32843321,4.751359372,1,35.21006122,15.22760601,29.35328029,9.495957344,14.9623909,1,2,2.35861204,3
null,null,null,null,null,null,54970,null,null,null,null,null,null,null,null,null,null,null,null,null,null
1,14.10887706,3,3,3,3,55180,3,36.17579784,12.03588037,6.401424581,3,34.92655771,15.55302456,30.20181546,9.553890988,16.14603298,3,3,2.625145136,3
null,null,null,null,null,null,55250,null,null,null,null,null,null,null,null,null,null,null,null,null,null
3,13.506478,3,3,3,3,55320,3,36.46679957,8.589152402,4.717585133,3,29.1950998,14.51131345,27.72057822,8.984775905,13.97392566,3,3,2.024502022,3
null,null,null,null,null,null,55390,null,null,null,null,null,null,null,null,null,null,null,null,null,null
1,13.7956175,3,3,3,3,55460,1,37.76443783,11.46971117,5.118579421,3,36.43124565,16.22196293,32.23384259,9.685236518,18.30727791,3,1,2.771318377,3
2,14.14446066,1,1,1,2,55530,2,35.17164158,10.68442929,5.172105642,2,30.51869559,16.21467119,30.23745104,9.568894988,18.41009152,1,2,2.561521499,1
2,13.7956175,1,1,1,2,55880,2,37.76443783,11.46971117,5.118579421,1,36.43124565,16.22196293,32.23384259,9.685236518,18.30727791,1,2,2.771318377,1
2,13.99447746,3,3,3,3,55600,1,34.63330235,10.7305296,4.719073576,3,33.99103353,15.56057195,30.1255637,8.798349805,16.72368295,3,1,2.543742897,3
2,14.14446066,1,1,1,1,55670,2,35.17164158,10.68442929,5.172105642,1,30.51869559,16.21467119,30.23745104,9.568894988,18.41009152,1,2,2.561521499,3
1,14.68823062,3,3,3,3,56520,3,35.67722476,13.7088419,5.82405987,3,31.2416416,16.69457945,31.57827266,9.724182605,16.22316215,3,3,2.717287932,3
1,13.8494492,3,3,3,3,56580,3,38.30435183,9.35008668,4.770724515,3,29.70735166,14.06657653,27.66618091,9.127886855,13.74259079,3,3,1.956635569,3
1,13.84964744,3,3,3,3,55740,1,38.58028804,8.812744617,4.279325192,3,28.79426182,13.78068706,25.29565897,8.100687857,13.24110835,3,1,2.0121391,3
null,null,null,null,null,null,55810,null,null,null,null,null,null,null,null,null,null,null,null,null,null
2,13.7956175,1,1,1,1,55950,2,37.76443783,11.46971117,5.118579421,1,36.43124565,16.22196293,32.23384259,9.685236518,18.30727791,1,2,2.771318377,1
2,14.14446066,1,1,1,1,56020,2,35.17164158,10.68442929,5.172105642,1,30.51869559,16.21467119,30.23745104,9.568894988,18.41009152,1,2,2.561521499,1
3,13.45378202,3,3,3,3,56090,3,35.52813879,9.829515337,5.098481261,3,30.26748884,15.16675854,30.04764972,9.314437738,14.43053777,3,3,2.360652276,3
null,null,null,null,null,null,56620,null,null,null,null,null,null,null,null,null,null,null,null,null,null
null,null,null,null,null,null,56160,null,null,null,null,null,null,null,null,null,null,null,null,null,null
3,14.69141938,3,3,3,3,56230,3,37.50125802,11.57579457,5.200211454,3,31.50767518,16.35538456,31.68174762,9.849195471,19.22948165,3,3,2.80745051,3
2,14.10887732,3,1,3,1,56300,1,36.17580012,12.0358785,6.401421462,1,34.9265564,15.55302458,30.20181338,9.553889745,16.14603195,3,2,2.625144514,3
1,14.14446066,3,3,3,3,56790,1,35.17164158,10.68442929,5.172105642,3,30.51869559,16.21467119,30.23745104,9.568894988,18.41009152,3,1,2.561521499,3
2,13.7956175,2,2,2,2,56860,2,37.76443783,11.46971117,5.118579421,2,36.43124565,16.22196293,32.23384259,9.685236518,18.30727791,2,2,2.771318377,1
2,13.7956175,1,1,1,1,56370,2,37.76443783,11.46971117,5.118579421,1,36.43124565,16.22196293,32.23384259,9.685236518,18.30727791,1,2,2.771318377,1
2,14.22015946,1,1,3,1,56450,1,36.30935877,12.35989457,5.258905115,1,31.21669515,16.16558886,30.53415315,9.881542371,16.4824374,3,2,2.513248165,3
3,15.95719815,3,3,3,3,60610,3,37.96520212,12.98684235,5.505824433,3,31.98138865,18.78403082,30.7335969,11.8139099,20.21943544,3,3,3.054697367,3
3,14.9856574,3,3,3,3,60810,3,38.50230683,12.51290905,4.67388786,3,32.44575581,17.84117406,29.77545685,12.14575784,20.66147816,3,3,3.048468172,3
1,14.13157305,3,3,3,3,61010,1,36.13958604,9.899022884,5.577482441,3,35.42966199,19.11982613,30.26610216,11.87337581,20.28876156,3,1,3.011958057,3
1,15.81710103,3,3,3,3,56730,3,35.05678979,11.62365611,5.332461903,3,33.01100063,16.97975636,29.14891825,9.699764552,16.05498368,3,3,2.506833745,3
2,13.84964744,1,1,1,1,56930,2,38.58028804,8.812744617,4.279325192,1,28.79426182,13.78068706,25.29565897,8.100687857,13.24110835,1,2,2.0121391,1
2,14.14446066,1,1,1,1,57000,2,35.17164158,10.68442929,5.172105642,1,30.51869559,16.21467119,30.23745104,9.568894988,18.41009152,1,2,2.561521499,3
1,15.74947907,3,3,3,3,57080,3,34.69147455,6.6975381,5.47775032,3,25.06493085,13.14178463,25.24575503,8.889378136,14.20563515,3,3,1.953806996,3
1,15.59673614,3,3,3,3,57140,1,37.07453393,11.06251575,5.243878005,3,30.60026649,15.99128747,30.77434967,9.440486661,16.02333376,3,1,2.383895498,3
1,14.23923779,3,3,3,3,57210,3,36.40397577,11.60158036,5.615808943,3,32.09579921,15.23703187,28.52733086,8.93554926,15.53676393,3,1,2.466197114,3
3,12.24931845,3,3,3,3,57280,3,32.80700228,8.816848863,5.609882495,3,26.27489831,14.31365141,27.23748152,10.15550617,14.50721217,3,3,2.429380777,3
2,13.7956175,1,1,1,1,57350,2,37.76443783,11.46971117,5.118579421,1,36.43124565,16.22196293,32.23384259,9.685236518,18.30727791,1,2,2.771318377,3
1,12.85073062,3,3,3,3,57420,3,36.4948643,8.154052194,4.793084308,3,29.12950358,15.36303258,29.44166361,10.1882473,16.29434384,3,1,2.217933411,3
3,14.81281913,3,3,3,3,57490,3,35.79039317,11.04788932,5.215171095,3,30.33400276,15.8798641,30.91395166,9.603903914,16.18002982,3,3,2.425941597,3
3,12.93969139,3,3,3,3,57560,3,34.01210671,8.375533537,5.252594741,3,26.9361251,13.61426698,26.66865045,9.992466957,14.40844272,3,3,2.283701415,3
3,14.05233117,3,3,3,3,61210,3,37.24643874,11.86214338,4.812384943,3,34.95986218,16.85881065,30.54772565,12.06765883,22.00499719,3,3,3.026797173,3
3,14.4392908,3,3,3,3,61410,3,36.40702524,10.72234396,5.431097596,3,32.22282814,15.87031653,29.56719284,11.39233069,19.67230503,3,3,3.124226581,3
3,16.54138424,3,3,3,3,61510,3,39.39069982,11.94517046,5.309739998,3,32.6355723,19.09439012,30.57320814,11.78001697,22.38243857,3,3,3.097796947,3
3,16.05805787,3,3,3,3,61610,3,38.06486226,12.90748934,4.983837954,3,32.58254673,18.66518288,29.73968451,11.85840018,19.20082635,3,3,3.310148516,3
null,null,null,null,null,null,57630,null,null,null,null,null,null,null,null,null,null,null,null,null,null
3,13.09695304,3,3,3,3,57700,3,33.46801894,9.272887222,4.884396574,3,30.52628388,15.07785681,30.07217941,9.803148123,15.48571696,3,3,2.281572008,3
null,null,null,null,null,null,57770,null,null,null,null,null,null,null,null,null,null,null,null,null,null
3,14.12960042,3,3,3,3,57840,3,35.85408094,8.583534008,4.701504676,3,28.53904096,14.24023016,26.57786712,8.900225981,14.71976839,3,3,2.204076607,3
3,14.20782408,3,3,3,3,57910,3,34.93326182,8.831264499,5.928414766,3,31.45957728,15.35284721,28.36775345,9.214162212,15.0823308,3,3,2.152881602,3
1,13.84008942,3,3,3,3,57980,3,33.45126686,9.043378287,4.692450801,3,29.37258204,13.54220367,26.55047698,8.478636649,12.73145182,3,3,1.948724276,3
3,13.00544264,3,3,3,3,58050,3,33.55345276,10.12145975,6.205130936,3,29.54696935,14.81558496,29.02573998,9.832863039,16.59427396,3,3,2.215805911,3
2,13.7956175,1,1,1,2,58190,2,37.76443783,11.46971117,5.118579421,1,36.43124565,16.22196293,32.23384259,9.685236518,18.30727791,1,2,2.771318377,1
2,14.14446066,1,1,1,1,58260,2,35.17164158,10.68442929,5.172105642,1,30.51869559,16.21467119,30.23745104,9.568894988,18.41009152,1,2,2.561521499,1
1,16.16155086,3,3,3,3,61810,3,39.5997005,12.50786395,5.122338912,3,33.11967445,18.19147934,30.10041284,12.24053397,20.79630284,3,1,3.317461671,3
2,16.17119721,1,1,1,2,62010,2,39.59590116,12.51027487,5.123934495,1,33.12547001,18.19850019,30.10454529,12.23887285,20.79435412,1,2,3.31898478,1
1,16.17119721,3,3,3,3,62210,3,39.59590116,12.51027487,5.123934495,3,33.12547001,18.19850019,30.10454529,12.23887285,20.79435412,3,1,3.31898478,3
1,13.99447746,3,3,3,3,58330,1,34.63330235,10.7305296,4.719073576,3,33.99103353,15.56057195,30.1255637,8.798349805,16.72368295,3,1,2.543742897,3
3,15.16057398,3,3,3,3,62410,3,37.5966533,10.92237791,4.317813134,3,32.12077184,19.07739742,31.15515181,11.63256617,24.12031228,3,3,2.884231759,3
3,15.36084317,3,3,3,3,62610,3,36.87626607,10.83844123,6.681256945,3,31.33624707,19.10847966,30.76617124,12.04108278,21.18772728,3,3,3.119822106,3
3,14.01440138,3,3,3,3,62810,3,39.12566352,9.470418674,4.383282129,3,30.68608519,13.87881493,25.00675474,11.73498918,18.22252675,3,3,2.487706575,3
3,15.84864082,3,3,3,3,63010,3,37.65487992,11.2456818,5.68881158,3,37.23879042,18.06347425,31.47265966,13.07471579,20.37665337,3,3,2.860293475,3
1,15.26741994,3,3,3,3,63210,3,38.57693059,11.7939978,5.484245146,3,31.32526069,18.6233513,31.67786005,12.56518091,20.37369989,3,1,2.84629118,3
null,null,null,null,null,null,63410,null,null,null,null,null,null,null,null,null,null,null,null,null,null
3,13.52768119,3,3,3,3,63610,3,37.37657208,10.33468858,4.063308484,3,35.52705452,14.89864403,28.72254108,11.72359099,18.99285952,3,3,2.740219505,3
3,14.44839737,3,3,3,3,63810,3,39.88591926,11.98232389,4.772116321,3,31.77181553,17.50005448,31.84545497,12.096992,19.99558737,3,3,2.853746064,3
3,15.48815293,3,3,3,3,64010,3,38.1044555,13.31654988,5.398992753,3,36.19092265,17.3284784,29.80352192,12.87043957,20.80699414,3,3,2.973080881,3
3,14.38813335,3,3,3,3,64210,3,37.88818062,11.90689744,4.75175179,3,33.90972911,16.79214153,30.49589449,12.32633669,20.92858006,3,3,2.820761012,3
3,14.69776562,3,3,3,3,64610,3,40.17417124,11.84722658,4.759648766,3,31.16452545,16.7213242,29.41070923,12.1055603,21.28321747,3,3,2.909724049,3
2,13.7956175,1,2,1,2,58400,2,37.76443783,11.46971117,5.118579421,2,36.43124565,16.22196293,32.23384259,9.685236518,18.30727791,1,2,2.771318377,1
3,14.43676518,3,3,3,3,64810,3,37.67408888,11.8600897,4.912001902,3,36.95607172,19.49078674,33.88865332,11.8710083,20.6339167,3,3,2.770798027,3
1,14.13157305,3,3,3,3,65010,3,36.13958604,9.899022884,5.577482441,3,35.42966199,19.11982613,30.26610216,11.87337581,20.28876156,3,1,3.011958057,3
null,null,null,null,null,null,58470,null,null,null,null,null,null,null,null,null,null,null,null,null,null
3,14.9142264,3,3,3,3,58510,3,32.71369418,7.976444017,6.19733107,3,26.40742593,14.22579136,27.35408725,9.155577446,16.00457732,3,3,2.100110829,3
3,16.91260357,3,3,3,3,65210,3,36.79762975,10.55825641,5.326664421,3,32.04372856,18.88270966,32.34136858,11.97651029,19.72709366,3,3,2.752596774,3
3,15.2917228,3,3,3,3,65410,3,38.20746923,12.94062798,5.047304688,3,32.82829084,18.48479972,29.71105711,11.64862348,19.66950853,3,3,2.989552913,3
3,14.71033173,3,3,3,3,65610,3,35.94854436,10.81289469,5.340992417,3,33.11914286,19.25362849,31.33327559,11.77335323,22.70835413,3,3,2.822608419,3
3,13.71951853,3,3,3,3,65810,3,38.19960812,12.72706228,4.518462749,3,36.51302893,16.20528018,30.01763246,12.32988929,19.84754227,3,3,2.777780923,3
2,13.99447746,1,1,1,1,58540,2,34.63330235,10.7305296,4.719073576,1,33.99103353,15.56057195,30.1255637,8.798349805,16.72368295,1,2,2.543742897,1
1,10.46310571,3,3,3,3,70200,3,28.11989935,11.0662448,6.812781619,3,24.03070962,12.21143524,23.7303032,8.34178989,13.55453443,3,3,1.696930884,3
3,14.49544161,3,3,3,3,58570,3,33.96560549,7.696103764,6.573006303,3,28.246156,14.12471994,27.6323728,9.289055029,14.74368702,3,3,2.009809162,3
2,13.58743273,3,3,3,1,58610,1,37.0639299,10.44326884,4.552788047,3,31.18211137,15.4946292,29.20757162,10.08353973,16.8179744,3,1,2.24426745,3
2,15.59673614,1,1,3,1,58680,1,37.07453393,11.06251575,5.243878005,1,30.60026649,15.99128747,30.77434967,9.440486661,16.02333376,3,2,2.383895498,3
3,13.28341831,3,3,3,3,58760,3,34.60787817,9.542471492,6.279927998,3,29.0644429,14.43851667,28.40859593,9.793683456,15.97810679,3,3,2.240011409,3
1,14.5309794,3,3,3,3,58820,1,33.079269,11.22397167,8.024831819,3,29.16109741,16.74719223,30.77635246,9.698008813,16.47743798,3,1,2.665883042,3
2,13.5874318,1,1,1,1,58890,2,37.06393012,10.44326755,4.552787497,1,31.18210964,15.49462821,29.20757101,10.08354019,16.8179751,1,2,2.244267199,3
2,13.7956175,2,2,2,2,59030,2,37.76443783,11.46971117,5.118579421,2,36.43124565,16.22196293,32.23384259,9.685236518,18.30727791,1,2,2.771318377,1
1,9.568753749,3,3,3,3,72300,3,32.81529101,7.627625399,6.335666518,3,23.57662936,12.56519953,23.60174267,8.120134904,14.06340789,3,3,1.472093481,3
2,13.5874318,1,1,1,1,59100,2,37.06393012,10.44326755,4.552787497,1,31.18210964,15.49462821,29.20757101,10.08354019,16.8179751,1,2,2.244267199,1
2,13.5874318,1,1,1,1,59170,2,37.06393012,10.44326755,4.552787497,1,31.18210964,15.49462821,29.20757101,10.08354019,16.8179751,1,2,2.244267199,3
null,null,null,null,null,null,59250,null,null,null,null,null,null,null,null,null,null,null,null,null,null
2,13.99447746,1,1,3,1,59310,1,34.63330235,10.7305296,4.719073576,1,33.99103353,15.56057195,30.1255637,8.798349805,16.72368295,3,2,2.543742897,3
2,15.42419878,1,1,1,1,59320,2,36.60578219,12.87083687,5.723473953,1,34.51184969,17.57009443,30.48884739,9.125296217,15.35486899,1,2,2.754916227,3
2,13.99447746,1,1,1,2,59330,2,34.63330235,10.7305296,4.719073576,1,33.99103353,15.56057195,30.1255637,8.798349805,16.72368295,1,2,2.543742897,1
null,null,null,null,null,null,59340,null,null,null,null,null,null,null,null,null,null,null,null,null,null
null,null,null,null,null,null,59350,null,null,null,null,null,null,null,null,null,null,null,null,null,null
2,13.7956175,3,3,3,1,59360,1,37.76443783,11.46971117,5.118579421,3,36.43124565,16.22196293,32.23384259,9.685236518,18.30727791,3,2,2.771318377,3
1,15.81710103,3,3,3,3,59370,1,35.05678979,11.62365611,5.332461903,3,33.01100063,16.97975636,29.14891825,9.699764552,16.05498368,3,1,2.506833745,3
1,16.17119653,3,3,3,3,60210,3,39.59590143,12.51027462,5.123934357,3,33.12546929,18.19849961,30.10454498,12.23887285,20.7943543,3,1,3.31898463,3
3,15.26784212,3,3,3,3,60410,3,37.23947263,11.23460098,5.414922141,3,32.96810507,18.72068761,34.6721745,12.85703818,22.25531467,3,3,3.50361842,3
null,null,null,null,null,null,70420,null,null,null,null,null,null,null,null,null,null,null,null,null,null
null,null,null,null,null,null,70540,null,null,null,null,null,null,null,null,null,null,null,null,null,null
null,null,null,null,null,null,70620,null,null,null,null,null,null,null,null,null,null,null,null,null,null
null,null,null,null,null,null,70700,null,null,null,null,null,null,null,null,null,null,null,null,null,null
3,10.29197407,3,3,3,3,71000,3,29.73902673,7.969633373,6.924325271,3,23.45486573,11.61635369,25.74260484,9.444216071,15.57721694,3,3,1.606008147,3
null,null,null,null,null,null,71300,null,null,null,null,null,null,null,null,null,null,null,null,null,null
1,12.01342669,3,3,3,3,72200,3,27.91873539,11.7176925,7.328642772,3,23.34515625,12.59732197,26.51905528,9.310890467,14.85456154,3,3,1.874510495,3
null,null,null,null,null,null,72330,null,null,null,null,null,null,null,null,null,null,null,null,null,null
3,11.30262636,3,3,3,3,72800,3,30.30279408,9.673194187,7.866610231,3,26.23723477,13.32623192,28.4482732,10.07602092,14.72568812,3,3,1.671728908,3
null,null,null,null,null,null,73600,null,null,null,null,null,null,null,null,null,null,null,null,null,null
null,null,null,null,null,null,74050,null,null,null,null,null,null,null,null,null,null,null,null,null,null
null,null,null,null,null,null,74500,null,null,null,null,null,null,null,null,null,null,null,null,null,null
null,null,null,null,null,null,74560,null,null,null,null,null,null,null,null,null,null,null,null,null,null
null,null,null,null,null,null,74660,null,null,null,null,null,null,null,null,null,null,null,null,null,null
null,null,null,null,null,null,79399,null,null,null,null,null,null,null,null,null,null,null,null,null,null
3,15.49464988,3,3,3,3,89399,3,32.28192641,10.09787742,5.357057723,3,32.29760316,15.45696738,29.30355434,11.78132777,20.45871687,3,3,2.231754589,3
