bband,area_code,NetC_meas,NetC_sd,Dialup,LGA_Name,bband_meas,PvtBband,Tech_sd,state,OtherConn,bband_sd,NetC_rank,Tech_rank,TotalConn,bband_rank
12158,10050,0.628,0.57,557,Albury (C),0.648,12076,0.24,NSW,844,0.24,181,180,21605,225
5746,10110,0.638,0.65,349,Armidale Dumaresq (A),0.66,5664,0.47,NSW,435,0.34,167,147,10229,200
11319,10150,0.71,1.2,410,Ashfield (A),0.735,11239,1.68,NSW,544,0.99,67,29,17294,75
16032,10200,0.701,1.13,511,Auburn (C),0.72,15907,1.23,NSW,746,0.87,77,59,24671,98
10607,10250,0.648,0.72,531,Ballina (A),0.669,10435,0.32,NSW,572,0.43,148,167,18074,176
470,10300,0.479,-0.57,23,Balranald (A),0.554,458,-0.67,NSW,32,-0.56,431,463,1097,441
38292,10350,0.66,0.82,1512,Bankstown (C),0.666,38146,0.77,NSW,1633,0.4,131,101,62743,186
9056,10470,0.641,0.67,489,Bathurst Regional (A),0.658,8983,0.39,NSW,638,0.33,162,161,15898,206
8344,10550,0.555,0.01,580,Bega Valley (A),0.646,8185,0.01,NSW,444,0.22,274,221,16867,230
3359,10600,0.623,0.53,182,Bellingen (A),0.656,3285,0.16,NSW,173,0.31,186,194,5959,214
1917,10650,0.528,-0.2,122,Berrigan (A),0.583,1895,-0.4,NSW,103,-0.31,335,361,4057,381
67904,10750,0.726,1.32,2173,Blacktown (C),0.723,67724,1.14,NSW,3154,0.89,49,68,100885,96
1313,10800,0.51,-0.34,81,Bland (A),0.575,1300,-0.46,NSW,77,-0.39,364,384,2887,395
1596,10850,0.587,0.26,97,Blayney (A),0.62,1582,-0.12,NSW,93,0,225,254,3042,293
21357,10900,0.69,1.05,858,Blue Mountains (C),0.757,21228,0.97,NSW,801,1.19,97,85,33349,48
600,10950,0.471,-0.63,23,Bogan (A),0.55,578,-0.62,NSW,37,-0.6,438,450,1400,459
563,11000,0.445,-0.83,39,Bombala (A),0.551,553,-0.61,NSW,24,-0.59,464,446,1407,455
563,11050,0.465,-0.68,32,Boorowa (A),0.576,556,-0.55,NSW,31,-0.38,446,426,1346,392
9675,11100,0.671,0.9,375,Botany Bay (C),0.681,9617,1.08,NSW,471,0.53,117,74,15688,157
502,11150,0.4,-1.17,20,Bourke (A),0.512,480,-0.88,NSW,57,-0.93,491,502,1446,500
254,11200,0.377,-1.36,12,Brewarrina (A),0.427,245,-1.2,NSW,33,-1.67,506,530,794,520
4105,11250,0.486,-0.52,255,Broken Hill (C),0.536,3986,-0.49,NSW,311,-0.72,419,397,9614,479
7974,11300,0.71,1.2,219,Burwood (A),0.738,7912,1.54,NSW,284,1.02,66,39,11940,71
8226,11350,0.625,0.55,404,Byron (A),0.718,8035,0.47,NSW,483,0.85,183,146,14570,101
2963,11400,0.596,0.33,227,Cabonne (A),0.624,2936,-0.06,NSW,144,0.04,214,243,5594,279
13766,11450,0.774,1.69,541,Camden (A),0.767,13716,0.93,NSW,665,1.27,9,90,19355,30
33118,11500,0.709,1.19,1381,Campbelltown (C) (NSW),0.767,13716,0.84,NSW,1910,1.27,68,96,51327,30
21723,11520,0.726,1.32,576,Canada Bay (A),0.77,21572,1.93,NSW,1050,1.3,47,16,32147,29
30325,11550,0.644,0.7,1122,Canterbury (C),0.657,30182,0.78,NSW,1576,0.32,155,100,51240,208
551,11600,0.465,-0.68,26,Carrathool (A),0.544,535,-0.74,NSW,51,-0.66,445,474,1350,467
386,11700,0.357,-1.5,17,Central Darling (A),0.474,350,-1,NSW,44,-1.26,518,516,1251,512
11459,11720,0.606,0.41,608,Cessnock (C),0.623,11355,-0.03,NSW,661,0.03,200,231,20986,285
11842,11730,0.556,0.02,822,Clarence Valley (A),0.602,11599,-0.15,NSW,654,-0.15,273,265,23960,333
1084,11750,0.497,-0.43,49,Cobar (A),0.598,1030,-0.45,NSW,88,-0.18,395,379,2456,343
17776,11800,0.639,0.65,879,Coffs Harbour (C),0.667,17398,0.27,NSW,977,0.41,163,172,30724,183
378,11860,0.571,0.14,34,Conargo (A),0.682,373,-0.22,NSW,24,0.54,243,295,763,154
872,12000,0.553,-0.01,67,Coolamon (A),0.583,867,-0.21,NSW,53,-0.31,279,293,1795,380
2450,12050,0.562,0.06,162,Cooma-Monaro (A),0.633,2424,0.19,NSW,166,0.12,262,189,4944,256
763,12150,0.426,-0.98,52,Coonamble (A),0.487,749,-0.86,NSW,59,-1.14,478,498,2053,508
1638,12200,0.524,-0.23,108,Cootamundra (A),0.551,1628,-0.36,NSW,113,-0.59,341,345,3549,456
2644,12300,0.52,-0.26,146,Corowa Shire (A),0.59,2603,-0.38,NSW,143,-0.25,347,351,5640,361
2589,12350,0.496,-0.44,174,Cowra (A),0.54,2561,-0.54,NSW,161,-0.69,396,422,5891,473
1643,12500,0.518,-0.27,98,Deniliquin (A),0.553,1611,-0.2,NSW,100,-0.57,352,287,3551,444
8996,12600,0.631,0.59,474,Dubbo (C),0.636,8924,0.18,NSW,653,0.14,177,191,16049,252
1995,12700,0.575,0.16,120,Dungog (A),0.634,1975,-0.01,NSW,89,0.12,237,226,3836,255
9180,12750,0.457,-0.74,623,Eurobodalla (A),0.629,9020,-0.17,NSW,452,0.08,455,273,22421,267
35658,12850,0.647,0.71,1549,Fairfield (C),0.636,35526,0.52,NSW,1745,0.14,151,136,60233,249
1968,12900,0.53,-0.18,126,Forbes (A),0.543,1935,-0.26,NSW,139,-0.66,330,309,4214,468
870,12950,0.494,-0.46,65,Gilgandra (A),0.525,866,-0.63,NSW,45,-0.82,404,453,1984,494
1879,13010,0.499,-0.42,133,Glen Innes Severn (A),0.536,1859,-0.48,NSW,136,-0.72,392,396,4305,478
1194,13050,0.519,-0.27,61,Gloucester (A),0.59,1179,-0.38,NSW,69,-0.26,350,356,2553,363
42281,13100,0.63,0.58,1976,Gosford (C),0.686,42049,0.74,NSW,2207,0.57,180,105,73806,146
6391,13310,0.567,0.11,430,Goulburn Mulwaree (A),0.606,6340,0,NSW,424,-0.12,252,223,12772,323
8561,13320,0.455,-0.76,497,Great Lakes (A),0.585,8374,-0.4,NSW,493,-0.3,459,363,21003,373
2310,13340,0.575,0.17,124,Greater Hume Shire (A),0.631,2264,-0.09,NSW,121,0.1,235,248,4440,262
11030,13380,0.563,0.07,665,Greater Taree (C),0.602,10941,-0.16,NSW,568,-0.15,260,269,21796,332
5040,13450,0.565,0.09,284,Griffith (C),0.591,4997,-0.17,NSW,329,-0.25,255,272,10005,357
768,13500,0.503,-0.38,62,Gundagai (A),0.538,755,-0.59,NSW,57,-0.7,382,437,1762,476
2555,13550,0.548,-0.04,134,Gunnedah (A),0.562,2523,-0.34,NSW,197,-0.5,291,332,5262,427
861,13650,0.507,-0.36,68,Guyra (A),0.53,855,-0.51,NSW,59,-0.78,370,409,1950,487
1053,13660,0.441,-0.86,75,Gwydir (A),0.514,1037,-0.74,NSW,60,-0.91,468,477,2696,499
774,13700,0.502,-0.39,51,Harden (A),0.532,763,-0.59,NSW,54,-0.76,383,435,1751,484
14985,13800,0.701,1.13,682,Hawkesbury (C),0.716,14926,0.67,NSW,731,0.83,78,119,23400,104
642,13850,0.467,-0.66,41,Hay (A),0.528,615,-0.67,NSW,50,-0.79,442,464,1569,489
22919,13950,0.682,0.99,862,Holroyd (C),0.692,22845,1.13,NSW,1112,0.62,107,69,36496,136
43617,14000,0.802,1.9,1182,Hornsby (A),0.824,43419,2.42,NSW,1050,1.77,5,5,57185,8
3502,14100,0.736,1.4,116,Hunters Hill (A),0.773,3471,1.85,NSW,130,1.33,32,21,5091,25
20119,14150,0.718,1.26,668,Hurstville (C),0.727,20026,1.38,NSW,738,0.93,59,46,29970,92
3371,14200,0.533,-0.16,216,Inverell (A),0.548,3332,-0.35,NSW,228,-0.62,325,340,7163,463
324,14250,0.459,-0.72,34,Jerilderie (A),0.586,320,-0.47,NSW,13,-0.29,453,388,808,371
1126,14300,0.557,0.03,71,Junee (A),0.591,1117,-0.29,NSW,65,-0.25,270,317,2265,356
6068,14350,0.514,-0.3,430,Kempsey (A),0.557,5908,-0.41,NSW,423,-0.54,356,366,13452,440
5454,14400,0.633,0.61,295,Kiama (A),0.729,5406,0.51,NSW,222,0.94,174,137,9427,85
14775,14450,0.737,1.41,462,Kogarah (C),0.759,14689,1.54,NSW,455,1.2,31,38,21287,44
30816,14500,0.808,1.95,665,Ku-ring-gai (A),0.854,30569,2.68,NSW,614,2.03,3,4,39707,1
2081,14550,0.539,-0.11,179,Kyogle (A),0.572,2060,-0.32,NSW,115,-0.41,313,329,4409,404
1302,14600,0.46,-0.72,90,Lachlan (A),0.514,1272,-0.75,NSW,92,-0.91,452,480,3229,498
48074,14650,0.665,0.85,2184,Lake Macquarie (C),0.678,47836,0.44,NSW,2116,0.5,128,156,78817,162
9868,14700,0.793,1.83,251,Lane Cove (A),0.825,9797,2.76,NSW,427,1.77,6,3,13302,7
2224,14750,0.559,0.04,144,Leeton (A),0.582,2205,-0.25,NSW,167,-0.32,267,303,4538,383
16867,14800,0.745,1.47,470,Leichhardt (A),0.782,16677,2.27,NSW,1079,1.4,24,8,24724,21
10827,14850,0.649,0.73,611,Lismore (C),0.657,10738,0.39,NSW,601,0.32,147,160,18549,210
4587,14870,0.543,-0.08,282,Lithgow (C),0.585,4570,-0.26,NSW,272,-0.3,301,306,9468,376
37347,14900,0.697,1.1,1615,Liverpool (C),0.695,37225,0.74,NSW,2057,0.65,86,107,58878,134
1641,14920,0.499,-0.41,97,Liverpool Plains (A),0.552,1629,-0.47,NSW,106,-0.58,391,386,3692,451
689,14950,0.567,0.11,42,Lockhart (A),0.604,681,-0.3,NSW,27,-0.14,251,320,1336,329
16705,15050,0.689,1.04,726,Maitland (C),0.69,16635,0.47,NSW,811,0.61,99,144,26490,139
12081,15150,0.721,1.28,378,Manly (A),0.788,11933,2.29,NSW,759,1.46,55,7,18330,17
22263,15200,0.707,1.17,680,Marrickville (A),0.737,22105,1.76,NSW,1535,1.02,70,24,34639,72
5325,15270,0.543,-0.08,292,Mid-Western Regional (A),0.627,5231,-0.13,NSW,296,0.07,303,257,10894,271
2666,15300,0.494,-0.45,122,Moree Plains (A),0.551,2570,-0.47,NSW,263,-0.59,403,389,6172,454
8782,15350,0.738,1.41,284,Mosman (A),0.807,8671,2.31,NSW,457,1.62,29,6,12907,9
1639,15500,0.534,-0.15,110,Murray (A),0.593,1607,-0.27,NSW,103,-0.23,323,313,3469,353
477,15550,0.498,-0.42,20,Murrumbidgee (A),0.561,469,-0.61,NSW,41,-0.51,393,449,1080,429
3630,15650,0.608,0.42,183,Muswellbrook (A),0.645,3568,-0.04,NSW,270,0.22,198,235,6711,231
4531,15700,0.55,-0.03,322,Nambucca (A),0.588,4476,-0.24,NSW,206,-0.28,288,298,9197,368
2735,15750,0.524,-0.23,144,Narrabri (A),0.559,2672,-0.27,NSW,238,-0.53,342,312,5951,435
1197,15800,0.483,-0.54,57,Narrandera (A),0.525,1180,-0.65,NSW,105,-0.81,424,458,2814,493
1366,15850,0.527,-0.21,89,Narromine (A),0.553,1355,-0.45,NSW,93,-0.58,338,382,2940,447
39118,15900,0.651,0.75,1490,Newcastle (C),0.663,38764,0.55,NSW,2337,0.38,144,134,65935,189
23231,15950,0.736,1.4,681,North Sydney (A),0.804,22862,2.94,NSW,1806,1.59,33,1,34956,11
1157,16100,0.507,-0.35,73,Oberon (A),0.604,1139,-0.25,NSW,71,-0.13,369,301,2565,327
8856,16150,0.621,0.51,447,Orange (C),0.63,8732,0.18,NSW,633,0.09,187,192,16012,264
3749,16180,0.69,1.05,223,Palerang (A),0.763,3688,1.42,NSW,162,1.24,98,42,5992,40
3108,16200,0.538,-0.12,209,Parkes (A),0.567,3065,-0.28,NSW,209,-0.45,316,316,6553,411
41539,16250,0.706,1.17,1371,Parramatta (C),0.728,41283,1.55,NSW,1951,0.94,71,37,63564,88
43113,16350,0.722,1.29,1450,Penrith (C),0.724,42979,0.76,NSW,2249,0.9,52,104,64832,95
16044,16370,0.732,1.37,560,Pittwater (A),0.804,15891,1.68,NSW,569,1.59,43,30,23447,12
18861,16380,0.611,0.44,1048,Port Macquarie-Hastings (A),0.626,11455,0.15,NSW,937,0.05,192,195,34121,273
16283,16400,0.588,0.26,839,Port Stephens (A),0.673,16135,0.23,NSW,842,0.46,224,183,30571,171
10110,16470,0.698,1.11,402,Queanbeyan (C),0.709,10005,1.33,NSW,752,0.77,82,52,16130,110
35647,16550,0.702,1.14,1183,Randwick (C),0.741,35232,1.53,NSW,2167,1.05,76,40,55558,68
4798,16610,0.543,-0.08,322,Richmond Valley (A),0.553,4683,-0.36,NSW,327,-0.57,304,344,10038,445
24127,16650,0.675,0.93,924,Rockdale (C),0.697,23972,1.09,NSW,1172,0.66,114,72,38859,130
29122,16700,0.745,1.47,848,Ryde (C),0.767,28896,2.17,NSW,1130,1.27,25,10,41753,32
15207,16900,0.683,0.99,751,Shellharbour (C),0.674,15127,0.4,NSW,772,0.47,106,159,24497,170
22644,16950,0.496,-0.44,1645,Shoalhaven (C),0.624,22423,-0.11,NSW,1233,0.04,399,251,51492,280
5488,17000,0.67,0.89,250,Singleton (A),0.699,5420,0.21,NSW,338,0.68,121,186,9074,126
1809,17050,0.406,-1.13,115,Snowy River (A),0.684,1616,-0.21,NSW,249,0.55,486,289,5353,151
8776,17100,0.733,1.38,239,Strathfield (A),0.767,8722,1.82,NSW,329,1.27,40,23,12744,33
57752,17150,0.75,1.51,2030,Sutherland Shire (A),0.763,57499,1.28,NSW,2334,1.24,19,56,82776,38
56528,17200,0.667,0.87,1650,Sydney (C),0.755,55214,2.11,NSW,5066,1.16,124,11,94785,53
12945,17310,0.595,0.32,725,Tamworth Regional (A),0.607,12835,-0.02,NSW,801,-0.11,215,227,24324,318
1286,17350,0.518,-0.27,73,Temora (A),0.554,1269,-0.37,NSW,71,-0.57,353,347,2759,443
1486,17400,0.465,-0.68,112,Tenterfield (A),0.544,1461,-0.6,NSW,72,-0.65,447,443,3592,465
45402,17420,0.833,2.14,1156,The Hills Shire (A),0.668,1344,1.75,NSW,1085,0.42,1,26,57211,179
747,17450,0.485,-0.53,48,Tumbarumba (A),0.273,734,-1.27,NSW,45,-2.99,421,532,1732,533
2433,17500,0.508,-0.35,147,Tumut Shire (A),0.572,2403,-0.36,NSW,161,-0.41,368,342,5400,400
21874,17550,0.61,0.43,1335,Tweed (A),0.636,21407,0.12,NSW,1288,0.14,194,198,40159,251
3237,17620,0.556,0.02,180,Upper Hunter Shire (A),0.608,3188,-0.25,NSW,197,-0.1,272,304,6498,316
1696,17640,0.488,-0.5,123,Upper Lachlan Shire (A),0.598,1673,-0.17,NSW,91,-0.19,415,276,3911,345
1431,17650,0.602,0.37,81,Uralla (A),0.642,1416,0.21,NSW,71,0.2,207,187,2631,238
239,17700,0.426,-0.98,21,Urana (A),0.541,240,-0.84,NSW,14,-0.68,476,493,643,472
14516,17750,0.656,0.78,672,Wagga Wagga (C),0.662,14389,0.3,NSW,1055,0.37,140,171,24773,194
872,17800,0.461,-0.71,69,Wakool (A),0.563,851,-0.65,NSW,43,-0.49,450,457,2136,423
703,17850,0.5,-0.41,38,Walcha (A),0.564,687,-0.54,NSW,46,-0.48,387,423,1573,420
1258,17900,0.38,-1.33,74,Walgett (A),0.455,1134,-1.02,NSW,139,-1.42,502,519,3869,514
571,17950,0.444,-0.84,30,Warren (A),0.51,562,-0.76,NSW,39,-0.95,467,483,1441,501
39329,18000,0.757,1.56,1283,Warringah (A),0.772,39082,1.92,NSW,1794,1.31,15,17,56014,26
2044,18020,0.484,-0.53,146,Warrumbungle Shire (A),0.552,2023,-0.55,NSW,128,-0.58,423,430,4790,448
19013,18050,0.684,1,622,Waverley (A),0.755,18781,1.93,NSW,1483,1.17,103,15,30855,51
878,18100,0.542,-0.09,76,Weddin (A),0.584,877,-0.44,NSW,42,-0.31,306,375,1839,378
1633,18150,0.48,-0.56,95,Wellington (A),0.527,1615,-0.55,NSW,105,-0.8,428,428,3819,491
1486,18200,0.537,-0.13,97,Wentworth (A),0.572,1409,-0.32,NSW,91,-0.41,318,326,3118,402
20702,18250,0.781,1.74,498,Willoughby (C),0.828,20446,2.89,NSW,712,1.8,8,2,28049,6
11817,18350,0.639,0.65,658,Wingecarribee (A),0.702,11712,0.46,NSW,536,0.71,164,150,20365,121
10240,18400,0.72,1.27,514,Wollondilly (A),0.731,10205,0.62,NSW,390,0.96,57,126,15480,80
47757,18450,0.657,0.79,2435,Wollongong (C),0.661,47433,0.56,NSW,2626,0.36,137,132,80431,197
16338,18500,0.693,1.07,515,Woollahra (A),0.787,16104,1.88,NSW,1090,1.44,96,20,25907,18
36326,18550,0.609,0.42,1663,Wyong (A),0.646,36125,0.24,NSW,1982,0.23,197,179,65666,229
3773,18710,0.684,1,180,Yass Valley (A),0.722,3737,1.21,NSW,231,0.88,104,62,6114,97
2628,18750,0.535,-0.14,145,Young (A),0.57,2604,-0.34,NSW,184,-0.43,320,334,5530,409
3100,20110,0.509,-0.34,197,Alpine (S),0.633,2999,-0.2,Vic,232,0.11,366,284,6934,258
2516,20260,0.552,-0.01,187,Ararat (RC),0.575,2492,-0.37,Vic,178,-0.38,282,349,5217,393
23441,20570,0.647,0.71,1148,Ballarat (C),0.652,23303,0.57,Vic,1577,0.28,152,128,40473,220
32228,20660,0.721,1.29,1242,Banyule (C),0.734,32065,1.37,Vic,1291,0.99,54,48,48198,76
7330,20740,0.352,-1.54,566,Bass Coast (S),0.597,7081,-0.54,Vic,623,-0.19,523,421,24179,346
10499,20830,0.635,0.62,726,Baw Baw (S),0.653,10441,0.25,Vic,647,0.29,171,176,18699,218
25971,20910,0.734,1.39,945,Bayside (C),0.774,25759,1.89,Vic,964,1.33,37,19,37962,24
3325,21010,0.565,0.08,209,Benalla (RC),0.596,3301,-0.13,Vic,210,-0.2,256,258,6632,347
46037,21110,0.76,1.58,1544,Boroondara (C),0.797,45624,2.01,Vic,1917,1.53,14,12,65156,13
38142,21180,0.638,0.65,1498,Brimbank (C),0.647,38000,0.49,Vic,2108,0.23,168,139,65423,228
1434,21270,0.482,-0.55,77,Buloke (S),0.543,1418,-0.66,Vic,68,-0.66,426,461,3279,469
8246,21370,0.569,0.12,533,Campaspe (S),0.593,8177,-0.19,Vic,531,-0.23,249,283,16370,354
18289,21450,0.716,1.25,844,Cardinia (S),0.728,18219,0.73,Vic,1023,0.93,61,110,28151,89
60635,21610,0.753,1.53,2342,Casey (C),0.751,60444,0.96,Vic,2805,1.13,17,86,87393,55
2700,21670,0.486,-0.52,215,Central Goldfields (S),0.509,2673,-0.62,Vic,152,-0.95,418,451,6312,502
4642,21750,0.466,-0.67,304,Colac-Otway (S),0.585,4595,-0.42,Vic,330,-0.3,444,370,11318,375
3684,21830,0.54,-0.1,220,Corangamite (S),0.589,3648,-0.35,Vic,239,-0.26,308,337,7667,364
34224,21890,0.643,0.69,1216,Darebin (C),0.658,33976,1.01,Vic,2206,0.33,159,78,58524,204
10305,22110,0.513,-0.31,721,East Gippsland (S),0.601,10135,-0.27,Vic,639,-0.16,360,310,22748,338
33703,22170,0.694,1.08,1363,Frankston (C),0.708,33543,0.7,Vic,1947,0.76,94,115,53327,112
2239,22250,0.493,-0.46,189,Gannawarra (S),0.532,2213,-0.57,Vic,143,-0.76,405,432,5211,485
37547,22310,0.721,1.28,1269,Glen Eira (C),0.747,37283,1.82,Vic,1751,1.1,56,22,56268,61
4724,22410,0.559,0.04,296,Glenelg (S),0.606,4672,-0.25,Vic,313,-0.12,266,305,9546,321
4610,22490,0.696,1.09,302,Golden Plains (S),0.728,4590,0.48,Vic,181,0.94,91,142,7322,86
25141,22620,0.643,0.69,1444,Greater Bendigo (C),0.653,24958,0.3,Vic,1497,0.29,158,169,43648,219
28727,22670,0.632,0.6,1273,Greater Dandenong (C),0.629,28592,0.44,Vic,1644,0.08,175,155,50100,269
53730,22750,0.625,0.55,2640,Greater Geelong (C),0.663,53377,0.39,Vic,3463,0.37,184,162,95759,191
13573,22830,0.601,0.36,730,Greater Shepparton (C),0.619,13494,0.03,Vic,894,-0.01,208,216,25283,296
3695,22910,0.518,-0.27,261,Hepburn (S),0.633,3654,0.01,Vic,236,0.11,354,220,8095,257
1269,22980,0.47,-0.64,88,Hindmarsh (S),0.538,1261,-0.61,Vic,74,-0.7,439,447,3044,475
21150,23110,0.66,0.82,931,Hobsons Bay (C),0.675,21024,0.97,Vic,1274,0.48,132,84,35392,167
4646,23190,0.591,0.29,302,Horsham (RC),0.603,4601,-0.08,Vic,317,-0.15,216,247,8902,331
37311,23270,0.705,1.16,1449,Hume (C),0.712,37186,0.67,Vic,1872,0.79,72,120,57598,106
3785,23350,0.63,0.59,215,Indigo (S),0.668,3751,0.11,Vic,172,0.42,179,201,6620,177
38219,23430,0.694,1.08,1461,Kingston (C),0.711,38025,1.15,Vic,1864,0.79,93,64,59850,108
40332,23670,0.767,1.63,1322,Knox (C),0.772,40169,1.36,Vic,1417,1.31,12,49,56170,27
17699,23810,0.61,0.43,896,Latrobe (C),0.629,17573,0.09,Vic,1221,0.08,193,206,32484,268
1613,23940,0.454,-0.76,170,Loddon (S),0.527,1602,-0.76,Vic,97,-0.8,460,482,4141,492
10873,24130,0.698,1.11,565,Macedon Ranges (S),0.743,10794,0.85,Vic,467,1.07,81,95,17047,65
29951,24210,0.749,1.5,1082,Manningham (C),0.772,29798,1.66,Vic,891,1.31,20,33,42621,28
1977,24250,0.402,-1.16,121,Mansfield (S),0.648,1935,-0.36,Vic,134,0.25,489,343,5552,224
18174,24330,0.647,0.72,630,Maribyrnong (C),0.68,17983,1.08,Vic,1322,0.52,149,73,31103,160
28916,24410,0.746,1.48,1052,Maroondah (C),0.75,28800,1.25,Vic,1312,1.13,22,58,41926,56
33229,24600,0.693,1.07,1041,Melbourne (C),0.796,30076,2.24,Vic,2773,1.52,95,9,53432,15
25954,24650,0.733,1.38,1028,Melton (S),0.739,25862,0.91,Vic,1420,1.03,41,93,38739,70
11443,24780,0.568,0.11,620,Mildura (RC),0.585,11271,-0.14,Vic,872,-0.3,250,261,22765,372
8190,24850,0.656,0.78,396,Mitchell (S),0.688,8129,0.3,Vic,492,0.59,141,170,13846,144
6297,24900,0.533,-0.16,387,Moira (S),0.582,6254,-0.32,Vic,357,-0.33,326,325,13222,384
45124,24970,0.734,1.38,1574,Monash (C),0.755,44851,1.72,Vic,1468,1.17,38,27,65617,50
28098,25060,0.666,0.86,1047,Moonee Valley (C),0.693,29618,1.12,Vic,1578,0.63,126,70,46108,135
6852,25150,0.661,0.82,394,Moorabool (S),0.676,6819,0.46,Vic,403,0.49,130,151,11579,164
37548,25250,0.652,0.76,1407,Moreland (C),0.668,37285,1.05,Vic,2371,0.41,143,76,63372,181
37402,25340,0.495,-0.45,2039,Mornington Peninsula (S),0.685,37088,0.25,Vic,1935,0.56,401,178,83623,149
4493,25430,0.581,0.21,367,Mount Alexander (S),0.626,4441,0.16,Vic,259,0.05,231,193,8814,274
3693,25490,0.543,-0.08,196,Moyne (S),0.628,3643,-0.24,Vic,243,0.07,302,297,7612,270
3262,25620,0.509,-0.34,210,Murrindindi (S),0.639,3220,-0.12,Vic,216,0.17,365,252,7239,245
16203,25710,0.817,2.02,543,Nillumbik (S),0.833,16131,1.56,Vic,437,1.84,2,35,21021,3
2707,25810,0.504,-0.38,193,Northern Grampians (S),0.563,2683,-0.49,Vic,200,-0.49,380,401,6152,424
31305,25900,0.684,1,1187,Port Phillip (C),0.732,30793,1.95,Vic,3361,0.97,105,13,52415,79
1511,25990,0.49,-0.49,131,Pyrenees (S),0.557,1498,-0.45,Vic,93,-0.54,412,381,3541,439
850,26080,0.338,-1.65,53,Queenscliffe (B),0.686,834,-0.14,Vic,36,0.57,526,260,2777,147
6587,26170,0.496,-0.44,537,South Gippsland (S),0.624,6518,-0.26,Vic,386,0.03,397,308,15133,282
3922,26260,0.553,-0.01,209,Southern Grampians (S),0.591,3865,-0.18,Vic,251,-0.25,278,277,7927,359
30123,26350,0.711,1.21,1037,Stonnington (C),0.759,29693,1.89,Vic,2340,1.21,65,18,47116,43
2262,26430,0.51,-0.33,179,Strathbogie (S),0.581,2235,-0.34,Vic,132,-0.34,363,335,5045,386
6855,26490,0.456,-0.75,322,Surf Coast (S),0.744,6738,0.25,Vic,429,1.07,457,177,16672,64
4284,26610,0.53,-0.18,271,Swan Hill (RC),0.558,4221,-0.41,Vic,311,-0.53,329,368,9175,438
1420,26670,0.519,-0.26,90,Towong (S),0.608,1409,-0.34,Vic,64,-0.1,348,333,3032,315
6533,26700,0.591,0.29,417,Wangaratta (RC),0.608,6467,-0.04,Vic,393,-0.1,218,234,12426,314
7462,26730,0.605,0.39,396,Warrnambool (C),0.614,7381,0.03,Vic,602,-0.05,203,214,13982,302
9923,26810,0.53,-0.18,631,Wellington (S),0.627,9828,-0.16,Vic,575,0.06,333,271,21011,272
992,26890,0.486,-0.52,80,West Wimmera (S),0.554,975,-0.62,Vic,50,-0.56,417,452,2309,442
41860,26980,0.727,1.33,1506,Whitehorse (C),0.75,41577,1.67,Vic,1397,1.12,46,32,61594,57
35106,27070,0.696,1.09,1312,Whittlesea (C),0.697,35002,0.71,Vic,1921,0.67,88,113,55095,128
9004,27170,0.679,0.96,376,Wodonga (RC),0.676,8938,0.42,Vic,637,0.49,110,158,14749,165
39477,27260,0.735,1.39,1473,Wyndham (C),0.744,39303,1.22,Vic,2544,1.08,36,61,59214,63
22858,27350,0.697,1.1,790,Yarra (C),0.73,22588,1.76,Vic,2091,0.95,84,25,36922,83
38070,27450,0.732,1.37,1810,Yarra Ranges (S),0.748,37902,0.92,Vic,1524,1.11,44,92,56570,59
1550,27630,0.489,-0.49,131,Yarriambiack (S),0.539,1537,-0.53,Vic,86,-0.7,414,416,3614,474
32,30250,0.162,-3,0,Aurukun (S),0.126,28,-2.3,Qld,12,-4.27,558,559,271,547
1018,30300,0.481,-0.56,42,Balonne (S),0.589,954,-0.53,Qld,84,-0.27,427,417,2380,367
3486,30370,0.569,0.12,158,Banana (S),0.648,3077,-0.18,Qld,249,0.25,248,278,6845,223
792,30410,0.466,-0.67,35,Barcaldine (R),0.623,1268,-0.49,Qld,55,0.03,443,399,1891,283
90,30450,0.379,-1.34,12,Barcoo (S),0.553,73,-0.97,Qld,3,-0.58,504,513,277,446
548,30760,0.506,-0.37,22,Blackall Tambo (R),0.658,462,-0.41,Qld,54,0.33,373,369,1234,205
90,30900,0.398,-1.19,3,Boulia (S),0.509,85,-1.02,Qld,5,-0.96,493,520,246,503
294365,31000,0.747,1.48,8985,Brisbane (C),0.766,291666,1.45,Qld,15870,1.26,21,41,427571,35
102,31750,0.444,-0.84,3,Bulloo (S),0.667,80,-0.6,Qld,7,0.41,465,440,252,184
21824,31820,0.591,0.29,1189,Bundaberg (R),0.679,20451,0.08,Qld,1272,0.51,217,209,41081,161
3966,31900,0.545,-0.06,221,Burdekin (S),0.591,3834,-0.26,Qld,225,-0.25,295,307,8090,360
110,31950,0.324,-1.76,0,Burke (S),0.573,67,-0.88,Qld,11,-0.41,529,503,373,399
41256,32070,0.647,0.72,1739,Cairns (R),0.635,38227,0.24,Qld,3027,0.13,150,181,71132,254
538,32250,0.45,-0.79,34,Carpentaria (S),0.441,284,-1,Qld,64,-1.54,461,518,1414,517
6630,32260,0.552,-0.01,409,Cassowary Coast (R),0.644,6103,-0.2,Qld,521,0.21,280,286,13688,233
7015,32270,0.584,0.23,242,Central Highlands (R),0.663,5983,-0.04,Qld,594,0.37,229,232,13447,192
2592,32310,0.525,-0.22,150,Charters Towers (R),0.435,1728,-0.73,Qld,183,-1.6,339,473,5572,518
45,32330,0.205,-2.67,7,Cherbourg (S),0.187,46,-2.04,Qld,4,-3.74,553,558,273,541
626,32450,0.479,-0.57,27,Cloncurry (S),0.579,525,-0.55,Qld,67,-0.35,430,429,1502,388
866,32500,0.42,-1.02,43,Cook (S),0.552,736,-0.72,Qld,73,-0.59,480,472,2336,452
63,32600,0.367,-1.43,3,Croydon (S),0.441,45,-1.23,Qld,13,-1.54,511,531,215,516
97,32750,0.48,-0.57,4,Diamantina (S),0.59,59,-0.69,Qld,16,-0.26,429,467,244,362
44,32770,0.313,-1.85,4,Doomadgee (S),0.169,36,-1.88,Qld,43,-3.89,534,550,291,542
289,33100,0.435,-0.9,14,Etheridge (S),0.564,194,-0.72,Qld,24,-0.48,471,469,751,419
447,33200,0.482,-0.55,17,Flinders (S),0.602,401,-0.61,Qld,22,-0.15,425,448,1009,335
24181,33220,0.597,0.34,1285,Fraser Coast (R),0.563,452,-0.14,Qld,1456,-0.49,211,259,45070,422
14510,33360,0.642,0.68,633,Gladstone (R),0.588,12037,0.21,Qld,926,-0.28,160,188,25036,369
135248,33430,0.678,0.95,5499,Gold Coast (C),0.729,144307,0.71,Qld,9224,0.95,112,114,221348,84
2277,33610,0.534,-0.15,136,Goondiwindi (R),0.518,2047,-0.48,Qld,158,-0.87,322,391,4815,497
10919,33620,0.574,0.15,820,Gympie (R),0.716,13874,0.08,Qld,745,0.83,240,208,21761,103
2717,33800,0.533,-0.16,161,Hinchinbrook (S),0.572,2567,-0.35,Qld,146,-0.41,324,339,5674,401
39,33830,0.344,-1.61,3,Hope Vale (S),0.154,35,-1.83,Qld,47,-4.02,524,548,259,546
39596,33960,0.697,1.1,1647,Ipswich (C),0.699,39711,0.57,Qld,2770,0.68,85,129,63146,124
5462,33980,0.597,0.33,175,Isaac (R),0.688,4153,-0.05,Qld,392,0.59,213,239,10104,143
51,34420,0.21,-2.63,0,Kowanyama (S),0.214,49,-2.02,Qld,6,-3.5,550,556,271,539
29,34570,0.207,-2.65,0,Lockhart River (S),0.216,24,-2.02,Qld,5,-3.48,551,557,164,538
7698,34580,0.634,0.62,430,Lockyer Valley (R),0.519,5392,-0.17,Qld,475,-0.87,173,275,13566,496
66976,34590,0.729,1.35,2669,Logan (C),0.737,45195,0.73,Qld,3691,1.01,45,109,100566,73
1148,34710,0.563,0.07,56,Longreach (R),0.409,595,-0.5,Qld,129,-1.82,258,403,2369,523
27308,34770,0.661,0.82,1223,Mackay (R),0.703,19645,0.33,Qld,1646,0.72,129,166,45666,117
216,34800,0.5,-0.41,16,McKinlay (S),0.645,194,-0.49,Qld,13,0.21,388,400,490,232
25,34830,0.4,-1.18,0,Mapoon (S),0.257,19,-1.57,Qld,15,-3.13,492,541,100,534
2912,34860,0.527,-0.2,138,Maranoa (R),0.411,1923,-0.69,Qld,212,-1.8,337,466,6189,522
97905,35010,0.718,1.26,3899,Moreton Bay (R),0.571,59494,0.49,Qld,5073,-0.42,58,140,148783,406
65,35250,0.239,-2.41,4,Mornington (S),0.235,58,-1.92,Qld,10,-3.32,547,551,331,537
4490,35300,0.574,0.16,191,Mount Isa (C),0.659,4218,-0.03,Qld,406,0.34,238,230,8865,203
1033,35600,0.493,-0.46,41,Murweh (S),0.585,968,-0.43,Qld,76,-0.3,408,372,2333,374
24,35670,0.129,-3.26,0,Napranum (S),0.098,18,-2.36,Qld,3,-4.5,559,560,210,548
2201,35760,0.457,-0.74,114,North Burnett (R),0.424,2047,-0.95,Qld,190,-1.69,456,511,5478,521
228,35780,0.377,-1.35,30,Northern Peninsula Area (R),0.63,429,-0.8,Qld,51,0.09,505,490,819,263
75,35790,0.804,1.92,6,Palm Island (S),0.193,75,-0.86,Qld,268,-3.69,4,500,434,540
408,35800,0.414,-1.07,16,Paroo (S),0.489,346,-0.98,Qld,36,-1.12,484,514,1112,507
40,36070,0.276,-2.13,4,Pormpuraaw (S),0.245,39,-1.83,Qld,10,-3.23,540,547,196,535
254,36150,0.417,-1.04,11,Quilpie (S),0.612,232,-0.71,Qld,13,-0.07,482,468,666,307
37209,36250,0.726,1.32,1368,Redland (C),0.652,32744,0.72,Qld,1669,0.28,50,112,55452,221
204,36300,0.485,-0.53,11,Richmond (S),0.567,178,-0.69,Qld,21,-0.46,422,465,487,413
25719,36360,0.606,0.4,1301,Rockhampton (R),0.642,25838,0.13,Qld,1614,0.19,201,197,47229,239
9076,36510,0.636,0.63,510,Scenic Rim (R),0.575,6342,0.06,Qld,497,-0.39,170,212,15849,394
5002,36580,0.588,0.27,299,Somerset (R),0.625,4781,-0.05,Qld,308,0.05,221,240,9533,277
7166,36630,0.551,-0.02,444,South Burnett (R),0.702,7292,-0.02,Qld,461,0.71,285,228,14659,118
7693,36660,0.56,0.05,533,Southern Downs (R),0.69,6464,0,Qld,533,0.6,263,224,15630,140
86971,36710,0.67,0.89,3806,Sunshine Coast (R),0.68,84745,0.46,Qld,4652,0.52,120,152,142452,159
10211,36810,0.565,0.09,669,Tablelands (R),0.66,10741,-0.05,Qld,641,0.34,254,242,20374,199
37170,36910,0.65,0.74,1768,Toowoomba (R),0.724,38932,0.42,Qld,2150,0.9,145,157,63206,94
425,36950,0.438,-0.89,23,Torres (S),0.479,391,-0.9,Qld,50,-1.21,470,506,1138,511
143,36960,0.32,-1.79,34,Torres Strait Island (R),0.532,527,-1.11,Qld,216,-0.76,531,524,1228,483
44273,37010,0.67,0.89,1837,Townsville (C),0.691,25972,0.47,Qld,2738,0.61,122,145,72959,138
816,37300,0.645,0.7,29,Weipa (T),0.764,764,0.26,Qld,70,1.25,154,175,1419,36
6860,37310,0.542,-0.09,364,Western Downs (R),0.509,5283,-0.46,Qld,517,-0.96,305,383,14284,504
7635,37340,0.55,-0.03,415,Whitsunday (R),0.657,6722,-0.11,Qld,728,0.32,290,250,15974,212
367,37400,0.43,-0.95,26,Winton (S),0.564,308,-0.78,Qld,29,-0.48,473,487,981,418
34,37550,0.278,-2.11,3,Woorabinda (S),0.156,35,-2.02,Qld,39,-4,538,555,273,545
14,37570,0.373,-1.38,0,Wujal Wujal (S),0.157,11,-1.83,Qld,17,-3.99,508,549,83,544
71,37600,0.247,-2.35,3,Yarrabah (S),0.168,71,-2,Qld,36,-3.9,546,554,445,543
6397,40070,0.667,0.87,262,Adelaide (C),0.748,6115,1.35,SA,586,1.11,125,50,10862,60
10349,40120,0.746,1.47,662,Adelaide Hills (DC),0.756,10290,1.15,SA,388,1.18,23,65,15283,49
6138,40220,0.495,-0.45,476,Alexandrina (DC),0.639,6076,-0.15,SA,411,0.17,400,264,14196,244
146,40250,0.204,-2.68,23,Anangu Pitjantjatjara (AC),0.239,126,-1.96,SA,5,-3.29,554,553,855,536
5751,40310,0.658,0.8,327,Barossa (DC),0.67,5704,0.21,SA,318,0.43,135,184,9716,173
575,40430,0.359,-1.49,47,Barunga West (DC),0.549,565,-0.9,SA,49,-0.61,515,505,1869,462
2380,40520,0.538,-0.12,173,Berri and Barmera (DC),0.562,2345,-0.44,SA,180,-0.5,315,377,5077,425
12481,40700,0.715,1.24,567,Burnside (C),0.745,12368,1.32,SA,509,1.09,62,54,18956,62
12300,40910,0.656,0.79,687,Campbelltown (C) (SA),0.573,9393,0.53,SA,623,-0.4,138,135,20744,398
775,41010,0.496,-0.44,38,Ceduna (DC),0.56,713,-0.6,SA,62,-0.52,398,441,1765,432
26424,41060,0.618,0.49,1421,Charles Sturt (C),0.618,26224,0.45,SA,1781,-0.02,191,153,47959,297
2193,41140,0.589,0.28,159,Clare and Gilbert Valleys (DC),0.636,2162,-0.1,SA,152,0.14,220,249,4248,250
426,41190,0.478,-0.58,27,Cleve (DC),0.612,420,-0.42,SA,30,-0.06,433,371,1011,306
376,41330,0.337,-1.66,22,Coober Pedy (DC),0.487,345,-1.13,SA,25,-1.14,528,527,1257,509
3034,41560,0.429,-0.96,242,Copper Coast (DC),0.559,2994,-0.61,SA,193,-0.52,474,444,8089,434
283,41750,0.386,-1.28,21,Elliston (DC),0.601,258,-0.77,SA,21,-0.16,499,484,842,337
419,41830,0.501,-0.41,26,Flinders Ranges (DC),0.582,399,-0.51,SA,42,-0.32,386,410,973,382
291,41960,0.402,-1.16,20,Franklin Harbour (DC),0.589,282,-0.77,SA,20,-0.27,490,485,824,366
5250,42030,0.642,0.67,300,Gawler (T),0.638,5217,0.24,SA,321,0.16,161,182,9151,247
971,42110,0.512,-0.32,92,Goyder (DC),0.567,952,-0.51,SA,71,-0.45,361,407,2215,412
1743,42250,0.555,0.01,176,Grant (DC),0.632,1848,-0.17,SA,115,0.11,275,274,3667,259
10034,42600,0.639,0.65,526,Holdfast Bay (C),0.67,9942,0.65,SA,696,0.43,165,123,17621,172
1129,42750,0.421,-1.01,77,Kangaroo Island (DC),0.62,1105,-0.48,SA,91,0,479,392,3078,294
217,43080,0.416,-1.06,15,Karoonda East Murray (DC),0.523,216,-0.85,SA,14,-0.83,483,497,592,495
253,43220,0.53,-0.18,21,Kimba (DC),0.61,250,-0.39,SA,20,-0.09,332,359,555,310
518,43360,0.382,-1.31,39,Kingston (DC),0.549,508,-0.87,SA,43,-0.61,500,501,1570,461
3408,43650,0.716,1.25,214,Light (RegC),0.707,3388,0.48,SA,175,0.76,60,141,5301,113
1133,43710,0.531,-0.17,97,Lower Eyre Peninsula (DC),0.643,1117,-0.31,SA,74,0.2,328,324,2457,236
2555,43790,0.544,-0.07,265,Loxton Waikerie (DC),0.56,2510,-0.41,SA,177,-0.51,298,367,5506,430
1944,43920,0.679,0.96,184,Mallala (DC),0.663,1936,0.35,SA,128,0.37,111,165,3322,190
5,44000,0.122,-3.31,0,Maralinga Tjarutja (AC),0.324,11,-1.95,SA,0,-2.56,560,552,41,529
22514,44060,0.669,0.88,1177,Marion (C),0.661,22375,0.69,SA,1393,0.36,123,116,37504,196
1875,44210,0.359,-1.49,163,Mid Murray (DC),0.558,1835,-0.81,SA,157,-0.53,516,491,6122,436
17694,44340,0.735,1.39,822,Mitcham (C),0.74,17575,1.2,SA,732,1.04,35,63,26199,69
7897,44550,0.725,1.31,474,Mount Barker (DC),0.72,7840,0.81,SA,460,0.86,51,98,12183,100
6096,44620,0.599,0.35,345,Mount Gambier (C),0.591,5915,-0.13,SA,551,-0.25,209,256,11668,358
706,44830,0.493,-0.46,54,Mount Remarkable (DC),0.591,683,-0.52,SA,28,-0.24,407,413,1598,355
4176,45040,0.55,-0.02,300,Murray Bridge (RC),0.552,4142,-0.3,SA,404,-0.59,286,319,8866,453
1943,45090,0.58,0.2,124,Naracoorte and Lucindale (DC),0.616,1925,-0.18,SA,139,-0.03,233,280,3803,299
1094,45120,0.545,-0.07,92,Northern Areas (DC),0.582,1070,-0.45,SA,69,-0.33,297,380,2303,385
10221,45290,0.658,0.8,477,Norwood Payneham St Peters (C),0.675,10123,1,SA,643,0.47,136,81,17228,169
42685,45340,0.699,1.11,2245,Onkaparinga (C),0.702,42497,0.63,SA,2533,0.71,80,124,67915,119
213,45400,0.464,-0.69,16,Orroroo/Carrieton (DC),0.57,203,-0.5,SA,9,-0.43,448,404,513,408
348,45540,0.387,-1.28,28,Peterborough (DC),0.434,339,-1.13,SA,43,-1.6,498,526,1083,519
17808,45680,0.63,0.59,1014,Playford (C),0.612,17754,0.11,SA,1597,-0.07,178,200,32395,308
27241,45890,0.61,0.43,1476,Port Adelaide Enfield (C),0.606,27051,0.37,SA,2000,-0.12,195,163,50385,322
2850,46090,0.49,-0.49,124,Port Augusta (C),0.544,2737,-0.52,SA,267,-0.65,413,415,6618,466
3308,46300,0.57,0.12,173,Port Lincoln (C),0.594,3279,-0.16,SA,267,-0.22,245,270,6580,351
3743,46450,0.522,-0.24,225,Port Pirie City and Dists (M),0.527,3700,-0.49,SA,304,-0.8,344,398,8190,490
5539,46510,0.696,1.09,240,Prospect (C),0.703,5502,0.97,SA,328,0.72,89,83,8777,116
1935,46670,0.532,-0.16,209,Renmark Paringa (DC),0.534,1914,-0.51,SA,156,-0.74,327,406,4322,482
352,46860,0.297,-1.97,27,Robe (DC),0.625,337,-0.83,SA,40,0.05,536,492,1411,276
1137,46970,0.766,1.63,36,Roxby Downs (M),0.831,1099,0.78,SA,82,1.83,13,99,1638,4
31075,47140,0.67,0.89,1609,Salisbury (C),0.654,30958,0.45,SA,2271,0.29,118,154,52152,217
515,47290,0.528,-0.19,27,Southern Mallee (DC),0.606,504,-0.53,SA,39,-0.11,334,420,1100,320
496,47490,0.458,-0.74,33,Streaky Bay (DC),0.612,463,-0.55,SA,47,-0.06,454,427,1259,305
1563,47630,0.572,0.14,113,Tatiara (DC),0.624,1541,-0.3,SA,112,0.04,241,321,3125,281
26581,47700,0.741,1.44,1176,Tea Tree Gully (C),0.737,26489,0.95,SA,1145,1.01,27,88,38989,74
1228,47800,0.474,-0.61,78,The Coorong (DC),0.572,1212,-0.6,SA,96,-0.41,435,442,2955,403
583,47910,0.44,-0.87,53,Tumby Bay (DC),0.55,576,-0.72,SA,38,-0.61,469,471,1531,460
10744,47980,0.704,1.15,446,Unley (C),0.727,10644,1.32,SA,661,0.93,74,53,16833,91
3542,48050,0.475,-0.6,270,Victor Harbor (C),0.609,3495,-0.33,SA,208,-0.1,434,330,8455,313
1536,48130,0.546,-0.06,112,Wakefield (DC),0.594,1523,-0.28,SA,105,-0.22,294,315,3210,350
1993,48260,0.675,0.93,84,Walkerville (M),0.717,1963,1,SA,100,0.84,113,80,3226,102
2668,48340,0.523,-0.23,196,Wattle Range (DC),0.574,2642,-0.48,SA,183,-0.39,343,395,5827,396
14783,48410,0.638,0.65,711,West Torrens (C),0.637,14661,0.66,SA,1071,0.15,169,121,25970,248
5304,48540,0.557,0.03,235,Whyalla (C),0.584,5220,-0.15,SA,431,-0.31,269,267,10710,377
276,48640,0.508,-0.35,30,Wudinna (DC),0.636,382,-0.45,SA,22,0.14,367,378,646,253
1169,48750,0.373,-1.39,102,Yankalilla (DC),0.614,1146,-0.47,SA,71,-0.05,509,387,3602,303
2624,48830,0.32,-1.79,228,Yorke Peninsula (DC),0.547,2526,-0.86,SA,188,-0.62,532,499,9514,464
8154,50080,0.588,0.26,507,Albany (C),0.64,8021,0,WA,554,0.18,223,225,15679,242
15466,50210,0.686,1.02,682,Armadale (C),0.7,15384,0.56,WA,1046,0.7,100,133,25063,122
1747,50250,0.574,0.15,70,Ashburton (S),0.784,1518,0.21,WA,133,1.42,239,185,3399,20
3007,50280,0.504,-0.38,180,Augusta-Margaret River (S),0.692,2913,-0.16,WA,268,0.62,379,268,6856,137
3923,50350,0.672,0.91,177,Bassendean (T),0.683,3901,0.82,WA,197,0.55,116,97,6394,152
16906,50420,0.673,0.91,729,Bayswater (C),0.689,16784,0.98,WA,1098,0.6,115,82,27852,141
8919,50490,0.627,0.56,472,Belmont (C),0.644,8820,0.62,WA,711,0.21,182,127,16113,234
379,50560,0.461,-0.71,25,Beverley (S),0.563,370,-0.66,WA,30,-0.49,449,460,942,421
403,50630,0.548,-0.04,18,Boddington (S),0.682,394,-0.04,WA,36,0.53,293,233,834,156
406,50770,0.552,-0.01,28,Boyup Brook (S),0.648,399,-0.33,WA,15,0.24,281,331,813,226
1149,50840,0.583,0.23,91,Bridgetown-Greenbushes (S),0.657,1133,-0.06,WA,60,0.32,230,245,2228,207
194,50910,0.444,-0.84,12,Brookton (S),0.541,183,-0.75,WA,17,-0.68,466,478,502,471
3827,50980,0.585,0.24,150,Broome (S),0.619,2838,-0.05,WA,572,-0.01,227,238,7781,295
242,51080,0.544,-0.07,28,Broomehill-Tambellup (S),0.562,271,-0.48,WA,15,-0.5,300,393,524,426
236,51120,0.519,-0.27,14,Bruce Rock (S),0.599,233,-0.47,WA,13,-0.18,349,390,507,342
7725,51190,0.605,0.39,471,Bunbury (C),0.616,7588,0.07,WA,754,-0.04,205,211,14798,300
7608,51260,0.538,-0.12,384,Busselton (S),0.682,7505,0.02,WA,572,0.54,314,218,15906,153
7209,51310,0.753,1.53,244,Cambridge (T),0.797,7148,1.68,WA,282,1.53,16,31,10268,14
22666,51330,0.734,1.38,914,Canning (C),0.748,22427,1.14,WA,1043,1.11,39,66,33563,58
3567,51400,0.726,1.32,179,Capel (S),0.759,3532,0.62,WA,214,1.2,48,125,5454,46
143,51470,0.563,0.07,11,Carnamah (S),0.632,139,-0.32,WA,8,0.1,261,328,288,261
1560,51540,0.491,-0.48,92,Carnarvon (S),0.558,1088,-0.59,WA,193,-0.53,410,436,3759,437
300,51610,0.638,0.65,31,Chapman Valley (S),0.66,276,-0.04,WA,24,0.35,166,236,556,198
1160,51680,0.659,0.81,43,Chittering (S),0.763,1148,0.47,WA,48,1.24,134,148,1897,41
2854,51750,0.696,1.09,98,Claremont (T),0.781,2813,1.3,WA,130,1.4,87,55,4427,22
23513,51820,0.721,1.29,893,Cockburn (C),0.734,23361,0.86,WA,1313,0.98,53,94,35651,77
2028,51890,0.575,0.16,102,Collie (S),0.606,1985,-0.21,WA,145,-0.12,236,291,3957,324
834,51960,0.544,-0.07,38,Coolgardie (S),0.65,811,-0.12,WA,80,0.26,299,253,1749,222
258,52030,0.365,-1.44,26,Coorow (S),0.587,247,-0.85,WA,38,-0.28,512,495,882,370
274,52100,0.491,-0.48,19,Corrigin (S),0.607,267,-0.52,WA,23,-0.11,411,414,644,319
2257,52170,0.704,1.15,82,Cottesloe (T),0.792,2200,1.41,WA,138,1.49,73,43,3518,16
239,52240,0.517,-0.28,20,Cranbrook (S),0.574,237,-0.53,WA,15,-0.4,355,419,530,397
224,52310,0.569,0.12,15,Cuballing (S),0.666,223,-0.25,WA,8,0.4,246,302,434,187
77,52380,0.404,-1.15,8,Cue (S),0.49,50,-1.05,WA,3,-1.12,487,523,218,506
312,52450,0.572,0.14,16,Cunderdin (S),0.625,303,-0.36,WA,30,0.04,242,346,626,278
325,52520,0.545,-0.06,24,Dalwallinu (S),0.667,316,-0.35,WA,24,0.41,296,338,684,184
768,52590,0.312,-1.85,54,Dandaragan (S),0.622,708,-0.84,WA,64,0.02,535,494,2843,288
3166,52660,0.713,1.22,150,Dardanup (S),0.731,3136,0.47,WA,216,0.96,63,143,4955,81
1431,52730,0.505,-0.37,95,Denmark (S),0.684,1395,-0.05,WA,97,0.56,374,237,3212,150
886,52800,0.353,-1.54,57,Derby-West Kimberley (S),0.398,642,-1.12,WA,157,-1.91,522,525,3118,525
1328,52870,0.609,0.43,96,Donnybrook-Balingup (S),0.667,1314,0.08,WA,79,0.41,196,210,2466,182
175,52940,0.5,-0.41,9,Dowerin (S),0.601,169,-0.52,WA,5,-0.16,388,412,378,336
174,53010,0.493,-0.46,7,Dumbleyung (S),0.676,173,-0.48,WA,5,0.48,406,394,377,166
228,53080,0.381,-1.32,16,Dundas (S),0.508,181,-1,WA,30,-0.96,501,517,719,505
2018,53150,0.703,1.15,63,East Fremantle (T),0.766,2000,1.23,WA,89,1.27,75,60,3086,34
1299,53220,0.505,-0.37,59,East Pilbara (S),0.699,1183,-0.14,WA,121,0.69,375,262,2928,123
3126,53290,0.548,-0.04,173,Esperance (S),0.641,3034,-0.19,WA,254,0.19,292,282,6481,241
993,53360,0.557,0.03,48,Exmouth (S),0.697,608,0.09,WA,130,0.67,271,205,2103,127
7660,53430,0.631,0.6,313,Fremantle (C),0.682,7515,0.74,WA,572,0.54,176,106,13536,155
8524,53520,0.62,0.51,551,Geraldton-Greenough (C),0.56,5840,-0.07,WA,660,-0.52,189,246,15712,431
1144,53570,0.36,-1.48,81,Gingin (S),0.656,1116,-0.64,WA,88,0.32,514,455,3648,213
302,53640,0.494,-0.45,26,Gnowangerup (S),0.613,291,-0.57,WA,27,-0.06,402,431,718,304
242,53710,0.559,0.04,26,Goomalling (S),0.601,235,-0.4,WA,10,-0.16,265,360,497,340
25829,53780,0.708,1.18,1208,Gosnells (C),0.712,25688,0.77,WA,1537,0.79,69,103,40363,107
294,53920,0.323,-1.76,20,Halls Creek (S),0.302,234,-1.55,WA,106,-2.75,530,540,1299,531
5648,53990,0.649,0.73,306,Harvey (S),0.704,5585,0.26,WA,337,0.73,146,174,9687,115
918,54060,0.551,-0.02,65,Irwin (S),0.654,869,-0.2,WA,54,0.3,284,288,1881,215
275,54130,0.343,-1.61,9,Jerramungup (S),0.697,269,-0.61,WA,19,0.67,525,445,883,129
42903,54170,0.788,1.79,1569,Joondalup (C),0.805,42675,1.38,WA,1649,1.6,7,47,58561,10
14490,54200,0.738,1.41,623,Kalamunda (S),0.763,14399,0.93,WA,511,1.24,30,91,21180,39
7070,54280,0.625,0.55,271,Kalgoorlie/Boulder (C),0.702,6936,0.27,WA,542,0.71,185,173,12617,120
866,54340,0.52,-0.25,51,Katanning (S),0.566,856,-0.53,WA,61,-0.46,346,418,1879,415
238,54410,0.486,-0.52,20,Kellerberrin (S),0.538,236,-0.75,WA,16,-0.71,420,479,564,477
154,54480,0.541,-0.09,8,Kent (S),0.73,149,-0.27,WA,9,0.96,307,311,316,82
455,54550,0.514,-0.3,32,Kojonup (S),0.601,452,-0.44,WA,37,-0.16,357,376,1019,339
227,54620,0.491,-0.48,13,Kondinin (S),0.64,217,-0.34,WA,13,0.18,409,336,515,243
119,54690,0.467,-0.66,6,Koorda (S),0.657,115,-0.49,WA,4,0.32,441,402,276,209
212,54760,0.525,-0.22,8,Kulin (S),0.632,206,-0.38,WA,14,0.11,340,353,446,260
6775,54830,0.666,0.86,316,Kwinana (T),0.675,6740,0.51,WA,564,0.48,127,138,11493,168
378,54900,0.552,-0.01,12,Lake Grace (S),0.686,371,-0.28,WA,32,0.57,283,314,765,148
89,54970,0.276,-2.13,11,Laverton (S),0.348,73,-1.59,WA,9,-2.35,539,542,395,528
289,55040,0.448,-0.81,6,Leonora (S),0.654,255,-0.39,WA,29,0.29,462,357,723,216
17833,55110,0.569,0.12,1081,Mandurah (C),0.669,17702,0.1,WA,1223,0.43,247,204,35396,174
2107,55180,0.487,-0.51,166,Manjimup (S),0.595,2069,-0.46,WA,141,-0.22,416,385,4958,349
149,55250,0.356,-1.52,16,Meekatharra (S),0.406,123,-1.3,WA,21,-1.85,519,533,523,524
27396,55320,0.735,1.39,1053,Melville (C),0.763,27230,1.25,WA,1047,1.24,34,57,40109,37
40,55390,0.237,-2.43,0,Menzies (S),0.37,30,-1.63,WA,0,-2.15,549,545,169,527
771,55460,0.54,-0.1,39,Merredin (S),0.607,737,-0.37,WA,70,-0.11,310,350,1629,317
119,55530,0.538,-0.12,5,Mingenew (S),0.659,120,-0.43,WA,11,0.34,317,374,251,201
541,55600,0.55,-0.03,19,Moora (S),0.596,535,-0.4,WA,44,-0.21,287,364,1098,348
183,55670,0.506,-0.36,13,Morawa (S),0.594,177,-0.63,WA,15,-0.22,372,454,417,352
2526,55740,0.697,1.1,90,Mosman Park (T),0.743,2496,1.09,WA,171,1.07,83,71,3997,66
103,55810,0.354,-1.53,7,Mount Magnet (S),0.444,87,-1.15,WA,17,-1.52,521,528,359,515
130,55880,0.426,-0.98,12,Mount Marshall (S),0.686,129,-0.59,WA,10,0.57,477,438,357,145
140,55950,0.502,-0.4,4,Mukinbudin (S),0.621,128,-0.58,WA,6,0.01,384,434,299,290
149,56020,0.403,-1.15,6,Mullewa (S),0.571,132,-0.79,WA,7,-0.42,488,489,402,405
9443,56090,0.733,1.37,436,Mundaring (S),0.758,9389,0.95,WA,272,1.19,42,89,13854,47
27,56160,0.365,-1.45,0,Murchison (S),0.647,22,-0.79,WA,0,0.24,513,488,74,227
3501,56230,0.581,0.21,204,Murray (S),0.668,3458,0,WA,214,0.42,232,222,6751,178
349,56300,0.445,-0.83,17,Nannup (S),0.657,341,-0.24,WA,17,0.32,463,300,860,211
203,56370,0.512,-0.32,9,Narembeen (S),0.622,201,-0.24,WA,10,0.02,362,299,434,287
212,56450,0.644,0.69,12,Narrogin (S),0.728,209,0.18,WA,13,0.94,156,190,368,87
864,56520,0.505,-0.37,59,Narrogin (T),0.551,847,-0.51,WA,69,-0.59,376,411,1964,458
5880,56580,0.771,1.66,169,Nedlands (C),0.828,5814,1.63,WA,167,1.8,11,34,8065,5
127,56620,0.296,-1.97,16,Ngaanyatjarraku (S),0.298,103,-1.62,WA,13,-2.78,537,544,527,532
2327,56730,0.554,0,150,Northam (S),0.689,1001,0.02,WA,169,0.6,276,217,4780,142
908,56790,0.398,-1.19,81,Northampton (S),0.578,735,-0.76,WA,79,-0.36,494,481,2684,389
52,56860,0.504,-0.38,4,Nungarin (S),0.621,54,-0.43,WA,9,0.01,381,373,129,291
405,56930,0.753,1.53,15,Peppermint Grove (S),0.834,407,1.33,WA,18,1.85,18,51,582,2
131,57000,0.514,-0.31,10,Perenjori (S),0.661,127,-0.18,WA,9,0.36,358,279,292,195
5655,57080,0.605,0.4,213,Perth (C),0.742,5424,1.68,WA,777,1.05,202,28,10975,67
260,57140,0.469,-0.65,15,Pingelly (S),0.566,256,-0.72,WA,13,-0.46,440,470,614,414
1139,57210,0.54,-0.1,76,Plantagenet (S),0.623,1124,-0.29,WA,84,0.03,311,318,2405,284
2834,57280,0.53,-0.18,107,Port Hedland (T),0.708,2631,0.04,WA,272,0.76,331,213,6064,111
246,57350,0.519,-0.27,28,Quairading (S),0.576,242,-0.58,WA,19,-0.38,351,433,565,391
513,57420,0.419,-1.03,25,Ravensthorpe (S),0.681,488,-0.23,WA,41,0.53,481,296,1382,158
26233,57490,0.686,1.01,1136,Rockingham (C),0.72,26039,0.65,WA,1752,0.87,101,122,42461,99
4590,57560,0.605,0.39,143,Roebourne (S),0.776,4100,0.46,WA,421,1.35,204,149,8519,23
35,57630,0.427,-0.97,0,Sandstone (S),0.535,23,-0.91,WA,3,-0.73,475,507,89,480
4290,57700,0.742,1.44,238,Serpentine-Jarrahdale (S),0.755,4259,0.68,WA,248,1.17,26,117,6440,52
377,57770,0.46,-0.72,18,Shark Bay (S),0.622,217,-0.59,WA,65,0.02,451,439,1000,289
12529,57840,0.696,1.09,465,South Perth (C),0.759,12346,1.4,WA,780,1.21,90,45,19797,42
54134,57910,0.67,0.89,2338,Stirling (C),0.695,53951,1.01,WA,3536,0.65,119,79,89572,133
5732,57980,0.695,1.09,204,Subiaco (C),0.754,5624,1.56,WA,426,1.16,92,36,9148,54
26930,58050,0.711,1.21,1070,Swan (C),0.732,26763,0.74,WA,1519,0.97,64,108,41516,78
92,58190,0.497,-0.43,6,Tammin (S),0.604,90,-0.51,WA,0,-0.14,394,405,197,328
146,58260,0.474,-0.61,6,Three Springs (S),0.577,143,-0.64,WA,14,-0.37,436,456,350,390
1109,58330,0.553,0,91,Toodyay (S),0.668,1096,0.01,WA,58,0.42,277,219,2273,180
75,58400,0.368,-1.42,5,Trayning (S),0.529,74,-1.04,WA,5,-0.79,510,521,231,488
28,58470,0.263,-2.23,3,Upper Gascoyne (S),0.315,23,-1.7,WA,4,-2.63,543,546,133,530
9247,58510,0.655,0.78,412,Victoria Park (T),0.696,9113,1.14,WA,670,0.66,142,67,15775,131
235,58540,0.528,-0.2,17,Victoria Plains (S),0.664,229,-0.41,WA,16,0.38,336,365,508,188
9430,58570,0.68,0.97,318,Vincent (T),0.728,8966,1.41,WA,735,0.93,109,44,15415,90
446,58610,0.513,-0.31,27,Wagin (S),0.606,439,-0.31,WA,18,-0.12,359,322,957,326
118,58680,0.5,-0.41,9,Wandering (S),0.707,118,-0.4,WA,4,0.75,388,362,262,114
38047,58760,0.739,1.42,1470,Wanneroo (C),0.759,37846,0.96,WA,2134,1.2,28,87,56362,45
834,58820,0.501,-0.4,47,Waroona (S),0.62,831,-0.37,WA,60,0,385,348,1878,292
229,58890,0.534,-0.15,17,West Arthur (S),0.641,227,-0.39,WA,18,0.19,321,358,494,240
60,59030,0.395,-1.21,0,Westonia (S),0.643,63,-0.74,WA,4,0.2,495,476,162,237
187,59100,0.505,-0.37,18,Wickepin (S),0.644,186,-0.38,WA,10,0.21,377,355,426,235
239,59170,0.59,0.28,13,Williams (S),0.638,233,-0.31,WA,23,0.16,219,323,466,246
62,59250,0.358,-1.5,0,Wiluna (S),0.398,45,-0.94,WA,24,-1.91,517,509,240,526
385,59310,0.558,0.03,24,Wongan-Ballidu (S),0.669,376,-0.21,WA,24,0.43,268,292,776,175
102,59320,0.598,0.34,12,Woodanilling (S),0.662,104,-0.21,WA,8,0.37,210,290,204,193
136,59330,0.456,-0.75,6,Wyalkatchem (S),0.589,129,-0.74,WA,9,-0.26,458,475,331,365
1777,59340,0.504,-0.38,95,Wyndham-East Kimberley (S),0.562,1273,-0.38,WA,246,-0.5,378,352,4202,428
29,59350,0.393,-1.23,3,Yalgoo (S),0.464,26,-1.04,WA,3,-1.34,497,522,89,513
315,59360,0.434,-0.91,17,Yilgarn (S),0.63,301,-0.66,WA,25,0.09,472,459,822,265
840,59370,0.536,-0.13,70,York (S),0.625,831,-0.15,WA,57,0.05,319,266,1803,275
1391,60210,0.376,-1.36,140,Break O'Day (M),0.53,1368,-0.78,Tas,108,-0.78,507,486,4361,486
3251,60410,0.634,0.62,194,Brighton (M),0.606,3236,0.12,Tas,338,-0.12,172,199,5964,325
4599,60610,0.604,0.39,255,Burnie (C),0.598,4558,-0.05,Tas,366,-0.18,206,241,8645,344
5090,60810,0.597,0.33,309,Central Coast (M),0.609,5049,-0.06,Tas,254,-0.09,212,244,9470,312
444,61010,0.199,-2.72,42,Central Highlands (M),0.48,435,-1.38,Tas,43,-1.21,556,537,2663,510
1795,61210,0.54,-0.1,121,Circular Head (M),0.6,1785,-0.36,Tas,150,-0.17,309,341,3824,341
13183,61410,0.66,0.81,766,Clarence (C),0.659,13080,0.56,Tas,817,0.34,133,131,22387,202
2000,61510,0.55,-0.03,159,Derwent Valley (M),0.542,1990,-0.38,Tas,174,-0.67,289,354,4243,470
5733,61610,0.587,0.25,345,Devonport (C),0.584,5698,-0.02,Tas,420,-0.31,226,229,11075,379
1539,61810,0.472,-0.63,103,Dorset (M),0.566,1526,-0.54,Tas,131,-0.47,437,424,3758,416
203,62010,0.354,-1.53,12,Flinders (M),0.552,191,-0.85,Tas,20,-0.58,520,496,664,450
1455,62210,0.478,-0.58,104,George Town (M),0.552,1440,-0.55,Tas,121,-0.58,432,425,3513,449
939,62410,0.272,-2.15,64,Glamorgan/Spring Bay (M),0.535,920,-0.99,Tas,77,-0.73,542,515,3966,481
10299,62610,0.577,0.18,660,Glenorchy (C),0.559,10236,0.1,Tas,832,-0.52,234,203,20446,433
14099,62810,0.681,0.98,666,Hobart (C),0.71,13912,1.06,Tas,1071,0.78,108,75,23246,109
3621,63010,0.563,0.07,257,Huon Valley (M),0.616,3582,0.11,Tas,292,-0.03,259,202,7411,298
1391,63210,0.584,0.24,107,Kentish (M),0.615,1379,-0.21,Tas,77,-0.04,228,294,2695,301
394,63410,0.506,-0.36,21,King Island (M),0.565,382,-0.51,Tas,34,-0.47,371,408,887,417
9136,63610,0.685,1.01,541,Kingborough (M),0.716,9045,1.02,Tas,524,0.83,102,77,14886,105
2341,63810,0.566,0.09,141,Latrobe (M),0.611,2311,-0.14,Tas,161,-0.08,253,263,4671,309
15651,64010,0.608,0.42,863,Launceston (C),0.61,15502,0.13,Tas,1248,-0.09,199,196,29212,311
4639,64210,0.619,0.5,274,Meander Valley (M),0.629,4612,0.03,Tas,254,0.08,190,215,8345,266
2895,64610,0.571,0.13,192,Northern Midlands (M),0.603,2866,-0.2,Tas,192,-0.14,244,285,5742,330
3225,64810,0.564,0.08,225,Sorell (M),0.622,3199,0.08,Tas,269,0.02,257,207,6596,286
1248,65010,0.539,-0.11,110,Southern Midlands (M),0.551,1243,-0.32,Tas,92,-0.59,312,327,2690,457
559,65210,0.275,-2.14,40,Tasman (M),0.57,543,-0.97,Tas,51,-0.43,541,512,2365,407
3259,65410,0.588,0.26,197,Waratah/Wynyard (M),0.602,3235,-0.19,Tas,226,-0.15,222,281,6261,334
1147,65610,0.411,-1.09,77,West Coast (M),0.57,1102,-0.66,Tas,102,-0.43,485,462,3224,410
5794,65810,0.645,0.7,320,West Tamar (M),0.695,5739,0.36,Tas,287,0.65,153,164,9921,132
6054,70200,0.62,0.51,259,Alice Springs (T),0.677,5683,0.57,NT,557,0.5,188,130,11081,163
667,70420,0.338,-1.65,50,Barkly (S),0,0,-0.89,NT,118,0,527,504,2472,0
7,70540,0.184,-2.83,0,Belyuen (S),0,0,-1.59,NT,0,0,557,543,38,0
170,70620,0.237,-2.42,19,Central Desert (S),0,0,-1.34,NT,71,0,548,534,1096,0
268,70700,0.395,-1.22,9,Coomalie (S),0,0,-0.92,NT,29,0,496,508,775,0
17594,71000,0.656,0.78,804,Darwin (C),0.699,17006,0.77,NT,1669,0.68,139,102,30603,125
315,71300,0.258,-2.27,24,East Arnhem (S),0,0,-1.37,NT,57,0,544,536,1536,0
1831,72200,0.56,0.05,101,Katherine (T),0.58,1509,-0.13,NT,253,-0.35,264,255,3900,387
4233,72300,0.644,0.69,262,Litchfield (M),0,0,0.31,NT,358,0,157,168,7540,0
287,72330,0.206,-2.66,22,MacDonnell (S),0,0,-1.51,NT,72,0,552,539,1850,0
6453,72800,0.699,1.12,214,Palmerston (C),0.727,6399,0.72,NT,582,0.92,79,111,10368,93
489,73600,0.314,-1.83,21,Roper Gulf (S),0,0,-1.17,NT,158,0,533,529,2126,0
103,74050,0.201,-2.7,7,Tiwi Islands (S),0,0,-1.45,NT,25,0,555,538,673,0
393,74500,0.249,-2.34,14,Victoria-Daly (S),0,0,-1.34,NT,63,0,545,535,1890,0
100,74560,0.521,-0.25,13,Wagait (S),0,0,0.67,NT,10,0,345,118,236,0
530,74660,0.38,-1.33,31,West Arnhem (S),0,0,-0.94,NT,161,0,503,510,1899,0
102528,89399,0.772,1.68,3883,Unincorporated ACT,0.784,101502,1.95,ACT,5953,1.42,10,14,145473,19
